time,SP,PV,CO,PV_filtered,Filtered_PV
291,30,30.228,8.4774,30.170915049946828,15.189194029850748
292,30,30.941,6.3222,30.186,20.526497187592515
293,30,29.389,9.736,29.858,22.81852537932854
294,30,29.244,8.9146,29.737,24.17907101268357
295,30,30.578,5.574,29.849666666666668,25.340456626518275
296,30,29.727,8.3027,30.12933333333333,26.045460026267133
297,30,30.083,6.8027,29.836,26.634232208210385
298,30,29.698,7.9323,29.77733333333333,27.047279380138423
299,30,29.551,8.1186,29.373666666666665,27.363994392650024
300,40,28.872,29.603,29.334000000000003,27.545111659050633
301,40,29.579,17.534,29.473,27.77926420023114
302,40,29.968,14.527,29.771,28.02267418843431
303,40,29.766,14.653,29.825666666666663,28.21113933289717
304,40,29.743,15.016,29.616333333333333,28.372951228132532
305,40,29.34,15.982,29.292666666666666,28.473182193297877
306,40,28.795,17.088,29.318,28.506023306756646
307,40,29.819,14.777,30.08421412758549,28.638317352904522
308,40,33.331,11.388,33.31139620459765,29.10624629365667
309,40,36.482,8.4408,36.30074948691973,29.83546786269716
310,40,37.956,9.5472,37.74633333333333,30.63273288971649
311,40,38.801,10.517,39.12913466511326,31.4301079838493
312,40,40.855,8.0504,40.744805427851695,32.34585099377733
313,40,42.334,7.7019,42.47067628264641,33.31260346987474
314,40,44.635,5.3212,43.49366666666666,34.40505845045017
315,40,43.512,9.7508,44.395,35.281493758383505
316,40,45.038,5.8195,43.763,36.2184649444074
317,40,42.739,11.421,43.54,36.84358803890458
318,40,42.843,9.0662,42.79266666666666,37.41793877095839
319,40,42.796,8.6382,42.71666666666667,37.93220927391356
320,40,42.511,8.6348,42.062000000000005,38.36963578519171
321,40,40.879,11.36,41.27933333333333,38.609177416485515
322,40,40.448,10.22,40.898,38.78459825533593
323,40,41.367,7.8145,40.488751779024334,39.03082725960186
324,40,38.069,14.984,39.18622994252857,38.939157209187165
325,40,39.812,8.7474,38.835,39.02231729448679
326,40,38.624,11.992,39.16366666666667,38.984378457193145
327,40,39.055,10.168,38.854000000000006,38.99110342929089
328,40,38.883,10.757,39.38966666666667,38.980811196696074
329,40,40.231,8.2592,38.99766666666667,39.09981960063422
330,40,37.879,14.336,38.852,38.983621838999596
331,40,38.446,10.941,38.91366666666666,38.93245630432525
332,40,40.416,7.5766,39.619,39.07363318291793
333,40,39.995,10.056,40.648,39.16130604655865
334,40,41.533,7.2849,40.40133333333333,39.38697208725177
335,40,39.676,12.555,41.025,39.41447171586786
336,40,41.866,6.5503,40.331714150802085,39.64771392593249
337,40,39.39,13.18,40.81016963031126,39.62319539931625
338,40,42.001,6.4159,41.06428525607557,39.849410389368025
339,40,41.57,9.0632,41.344,40.01309705022751
340,40,40.461,11.089,41.16066666666666,40.05570713158274
341,40,41.451,8.0101,40.378234651125496,40.18844279701993
342,40,38.537,14.393,39.53098306785933,40.031341153419184
343,40,39.349,10.418,39.434333333333335,39.96643070446512
344,40,40.417,7.8276,40.181,40.00929258742118
345,40,40.777,8.6692,40.16566666666667,40.082322807170634
346,40,39.303,11.858,39.89866666666666,40.00818803045881
347,40,39.616,10.083,39.742333333333335,39.97088045130824
348,40,40.308,8.8712,40.23266666666667,40.00294943118971
349,40,40.774,8.4227,40.553,40.07629650982379
350,40,40.577,10.03,40.29933333333333,40.12392639721094
351,40,39.547,11.96,40.22,40.06904584041024
352,40,40.536,8.4072,39.59066666666666,40.11346513537359
353,40,38.689,12.979,39.25733333333333,39.97796220880251
354,40,38.547,11.881,39.084,39.84184138913187
355,40,40.016,8.1342,39.065333333333335,39.85840827829736
356,40,38.633,12.209,39.037,39.741841037562054
357,40,38.462,11.327,39.24166666666667,39.62009593899774
358,40,40.63,6.6341,39.93200000000001,39.71616319057792
359,40,40.704,8.9743,40.561,39.8101312554453
360,40,40.349,10.049,40.31166666666667,39.86139117662382
361,40,39.882,11.168,39.729,39.863351591653554
362,40,38.956,12.554,39.75233333333333,39.77703975887255
363,40,40.419,8.0683,40.02933333333333,39.83810622504708
364,40,40.713,9.042,40.25466666666667,39.92133048105262
365,40,39.632,11.855,40.24666666666667,39.89380792701537
366,40,40.395,8.7519,39.936,39.94148380456341
367,40,39.781,10.682,39.775,39.9262177897461
368,40,39.149,11.559,39.56633333333334,39.85228498660719
369,40,39.769,9.669,39.96966666666667,39.844362506865316
370,40,40.991,7.8885,40.469,39.95343633022934
371,40,40.647,9.464,40.73,40.0194115307478
372,40,40.552,9.6604,40.561,40.07007397396136
373,40,40.484,10.117,40.184333333333335,40.10944865911137
374,40,39.517,11.702,40.419,40.05309202169428
375,40,41.256,7.2319,40.315666666666665,40.16751855749406
376,40,40.174,11.046,40.795,40.16813510424299
377,40,40.955,8.51,40.21966666666666,40.24298556966115
378,40,39.53,11.865,39.681333333333335,40.175162870303964
379,40,38.559,12.64,38.919,40.0214254984054
380,40,38.668,11.021,39.061,39.89268100006883
381,40,39.956,8.266,39.86866666666666,39.898704215127104
382,40,40.982,7.6279,39.90233333333333,40.001752643963556
383,40,38.769,13.119,39.38229679909888,39.88448714319254
384,40,38.47,12.19,38.515,39.74993416246564
385,40,38.306,11.55,38.562666666666665,39.61258003659065
386,40,38.912,10.246,39.35261476065211,39.545937414743314
387,40,41.12,6.4863,40.02466666666667,39.69566999632285
388,40,40.042,10.995,40.04166666666666,39.728614611075415
389,40,38.963,12.394,39.64633333333333,39.65578558061721
390,40,39.934,9.0934,39.75633333333333,39.682250705647434
391,40,40.372,9.3466,40.436,39.74786305364577
392,40,41.002,8.7984,40.79333333333333,39.86716273309709
393,40,41.006,9.4992,40.691,39.975494539463654
394,40,40.065,11.429,40.289,39.984008739427
395,40,39.796,10.603,40.501666666666665,39.96612442273528
396,40,41.644,6.7062,41.04433333333333,40.125732206274456
397,40,41.693,8.6281,41.46633333333333,40.2748184329944
398,40,41.062,10.041,41.29566666666667,40.3496990181882
399,40,41.132,9.2693,40.65733333333333,40.42411533808616
400,40,39.778,11.862,39.91266666666667,40.36265366693565
401,40,38.828,12.451,39.78085536983449,40.216669856555576
402,40,41.965,4.9773,40.89002481305717,40.38297962508701
403,40,40.673,10.359,40.48721726560149,40.41056779062839
404,40,38.344,14.071,39.89566666666666,40.2139856907511
405,40,40.67,6.9112,39.16381280966931,40.257364016344496
406,40,38.202,13.847,39.34033333333333,40.06184767463604
407,40,39.149,9.8432,39.058,39.97501311080311
408,40,39.823,9.1576,39.807,39.96055287549775
409,40,40.449,8.8037,40.107,40.00701637010745
410,40,40.049,9.7501,40.185,40.01101005962536
411,40,40.057,10.03,40.169,40.01538484911526
412,40,40.401,9.7822,39.612,40.0520664602562
413,40,38.378,13.585,39.37566666666667,39.8928210188418
414,40,39.348,10.196,39.63583940611751,39.840994961933966
415,40,41.834,5.2501,40.40173752245544,40.030579410675394
416,40,39.269,13.009,40.24416595420381,39.9581342286576
417,40,39.728,10.237,39.809333333333335,39.93624272811299
418,40,40.431,8.7258,40.136,39.98330647499719
419,40,40.249,9.7561,39.84633333333334,40.00858055083196
420,40,38.859,12.727,39.91133333333334,39.899226790631985
421,40,40.626,7.9912,40.495415297869776,39.96836103546533
422,40,41.891,6.6475,40.60666666666666,40.15125191694908
423,40,39.303,13.043,40.808846976438936,40.07056201953588
424,40,41.259,7.4872,40.763,40.18361208969714
425,40,41.727,7.8125,40.791,40.33042674423849
426,40,39.387,13.255,40.10279045853306,40.24068334880579
427,40,39.298,11.267,39.62533333333334,40.15101066880566
428,40,40.191,9.0146,40.159333333333336,40.15481465081526
429,40,40.989,7.7235,40.65833333333334,40.23416646706718
430,40,40.795,8.9862,40.34233333333333,40.28751571312704
431,40,39.243,12.724,40.12200000000001,40.18815623741668
432,40,40.328,8.5122,39.777,40.20145886442077
433,40,39.76,10.29,39.89666666666667,40.159465124388646
434,40,39.602,10.793,39.52,40.10643629792875
435,40,39.198,11.253,39.70733333333333,40.02002136597125
436,40,40.322,8.2928,39.298,40.04874705997061
437,40,38.374,13.121,39.02766666666667,39.889436876567174
438,40,38.387,11.362,38.47933333333333,39.74651768591507
439,40,38.677,10.854,38.959333333333326,39.64477989949417
440,40,39.814,8.4241,38.87733333333333,39.66087694835097
441,40,38.141,13.087,38.909,39.51629877223125
442,40,38.772,10.556,39.071666666666665,39.44549740959852
443,40,40.302,7.8499,39.55266666666667,39.526972151679715
444,40,39.584,10.739,39.68266666666667,39.53239692130144
445,40,39.162,11.799,39.96066666666667,39.497162943063785
446,40,41.136,7.0987,40.23766666666666,39.6530571902305
447,40,40.415,10.457,41.034,39.72553694055733
448,40,41.551,7.6205,40.635333333333335,39.89918397165051
449,40,39.94,12.402,41.347,39.90306659316248
450,30,42.55,0.0,41.2832864050088,40.15485592695432
451,30,39.533,2.2853,40.64279359377166,40.09570193042465
452,30,40.753,0.94329,40.708333333333336,40.15822735800569
453,30,41.839,0.22494,41.44733333333333,40.31811072442892
454,30,41.75,1.1344,41.124,40.45431908004088
455,30,39.783,5.3808,40.357,40.39045990493334
456,30,39.538,3.2037,40.14866666666666,40.30936972299187
457,30,41.125,0.0,39.7431653119496,40.386956489450675
458,30,38.389,4.1374,38.57113552651587,40.19690103428722
459,30,36.989,4.3524,36.79008631906666,39.891749698705134
460,30,33.486,7.5513,33.61768467883129,39.28240325844042
461,30,31.61,7.9487,31.97850660073461,38.552566497139686
462,30,30.855,6.5526,30.921333333333337,37.82033608472111
463,30,30.299,6.6382,30.012,37.10486957653304
464,30,28.882,8.3481,28.756803232846583,36.322669749675256
465,30,26.836,10.719,27.084882119657856,35.420251029958486
466,30,25.803,10.731,26.170666666666666,34.5054107761437
467,30,25.873,9.2843,26.354,33.684253374628426
468,30,27.386,6.2641,26.526666666666667,33.085132513803835
469,30,26.321,10.208,27.259666666666664,32.44169493621657
470,30,28.072,5.8784,26.95833333333333,32.026028046365326
471,30,26.482,10.895,27.069333333333333,31.498652811041453
472,30,26.654,9.6921,27.251174278225665,31.037805590407263
473,30,29.305,4.4759,28.14857173200573,30.872972593826255
474,30,28.448,9.0461,29.474012655073984,30.64229726505307
475,30,31.338,2.8759,30.05518521621441,30.708475933430954
476,30,29.779,8.6197,30.63,30.620059607788015
477,30,30.773,6.1645,30.661666666666665,30.634608050663623
478,30,31.433,5.2072,30.507,30.71055502254772
479,30,29.315,10.801,30.696,30.57780295991953
480,30,31.34,4.6427,30.581333333333333,30.65030689388486
481,30,31.089,6.0767,31.014666666666667,30.69203754137394
482,30,30.615,7.5511,30.09318487536529,30.684709351261787
483,30,28.507,10.878,29.615333333333336,30.477554919144218
484,30,29.724,6.4588,29.32633333333333,30.40587306625863
485,30,29.748,6.9732,29.811,30.343292942162964
486,30,29.961,6.5263,29.349,30.306927355869075
487,30,28.338,10.722,29.132,30.119633294772502
488,30,29.097,7.2155,29.278333333333336,30.022355382400782
489,30,30.4,4.859,29.510666666666665,30.058278797183245
490,30,29.035,9.3886,29.553,29.96093948144507
491,30,29.224,8.3705,29.245,29.89083817077415
492,30,29.476,7.4467,29.706666666666667,29.851376722148043
493,30,30.42,5.7713,29.485666666666663,29.90546696708546
494,30,28.561,10.44,29.370666666666665,29.777574651746846
495,30,29.131,8.1875,29.161666666666665,29.71606928845003
496,30,29.793,6.7502,29.98333333333333,29.72338731638351
497,30,31.026,4.5761,30.71366666666667,29.84729824627292
498,30,31.322,5.7753,30.578333333333333,29.987579135528925
499,30,29.387,10.511,29.848000000000003,29.93044909212342
500,40,28.835,30.171,29.39433333333333,29.82624458271033
501,40,29.961,16.414,29.348666666666663,29.83906318126538
502,40,29.25,16.361,29.88733333333333,29.783028592110636
503,40,30.451,12.846,29.631,29.846569320165976
504,40,29.192,16.538,30.161,29.784303464659594
505,40,30.84,12.124,29.695,29.88472651521049
506,40,29.053,17.584,29.874,29.80560859534863
507,40,29.729,15.694,30.052729093201105,29.798321208693668
508,40,33.529,11.167,33.476194079349334,30.15320173762116
509,40,36.36,8.7406,36.15077678485527,30.74362293802902
510,40,37.65,10.145,37.80080965531042,31.4005915171617
511,40,39.609,8.3163,39.501160738620975,32.18141573361013
512,40,41.048,8.4987,40.952666666666666,33.0248488701131
513,40,42.201,7.9689,42.224,33.89772953035149
514,40,43.423,7.5844,42.854000000000006,34.8038201405438
515,40,42.938,9.6194,43.67966666666666,35.57758336498488
516,40,44.678,5.5533,43.62533333333334,36.44325978730797
517,40,43.26,9.676,43.44233333333333,37.09170166814713
518,40,42.389,10.418,42.634,37.595606758629714
519,40,42.253,9.0883,42.04166666666666,38.03864092731033
520,40,41.483,10.097,41.42233333333333,38.36628531534522
521,40,40.531,10.867,40.472,38.57220363081574
522,40,39.402,11.922,39.54833333333333,38.65113794568746
523,40,38.712,12.074,39.00833333333333,38.656927443855025
524,40,38.911,10.242,38.847,38.681096075933674
525,40,38.918,10.483,38.775000000000006,38.70363154322546
526,40,38.496,11.627,38.416,38.68388060887711
527,40,37.834,12.512,38.215,38.60303578227173
528,40,38.315,10.916,38.833,38.57563640095785
529,40,40.35,7.209,39.53,38.74442259986758
530,40,39.925,10.408,40.398,38.85672493293768
531,40,40.919,8.7095,40.822,39.05289868777783
532,40,41.622,8.0973,40.79966666666667,39.297284249642416
533,40,39.858,12.624,41.026,39.35062229164394
534,40,41.598,7.6305,40.717666666666666,39.56440392079405
535,40,40.697,10.904,41.16,39.67214203445488
536,40,41.185,9.1553,40.52933333333333,39.81605253038284
537,40,39.706,12.002,40.55133333333333,39.805583792017295
538,40,40.763,8.5579,40.08533333333333,39.89665793409686
539,40,39.787,11.139,40.53766666666667,39.88622673167223
540,40,41.063,7.6118,40.446,39.99816719700124
541,40,40.488,10.306,40.01848283378969,40.044762504166066
542,40,38.471,13.693,39.43233333333333,39.895058468754016
543,40,39.338,10.03,39.42333333333333,39.84206832537967
544,40,40.461,8.0183,39.96066666666667,39.90094415263424
545,40,40.083,10.301,39.90133333333333,39.918262200909545
546,40,39.16,11.88,40.333666666666666,39.84613256821333
547,40,41.758,5.8302,40.48159129127752,40.02799880848381
548,40,38.767,13.93,40.07013643145044,39.908046395219365
549,40,40.894,7.456,40.65640799565088,40.00183515494263
550,40,41.973,7.1452,40.84966666666666,40.18934205702366
551,40,39.682,13.081,40.74033333333333,40.141081183435915
552,40,40.566,8.9531,39.75466666666667,40.18150155270622
553,40,39.016,12.679,39.90466666666666,40.07063330844621
554,40,40.132,9.0731,39.49,40.07647081019198
555,40,39.322,10.945,40.02166666666667,40.00470183324193
556,40,40.611,8.3454,40.302,40.06237589904686
557,40,40.973,8.1831,40.678666666666665,40.14899894559631
558,40,40.452,9.8038,40.71533333333333,40.17782189725405
559,40,40.721,9.5707,40.165,40.22949167189493
560,40,39.322,12.279,40.398,40.143166597415224
561,40,41.151,7.4327,40.36333333333334,40.23903667119738
562,40,40.617,9.8195,40.22166666666666,40.2749904033582
563,40,38.897,13.172,39.409,40.143909173759894
564,40,38.713,11.591,38.81333333333333,40.007794050256244
565,40,38.83,10.6,39.347,39.895756483125936
566,40,40.498,7.1572,39.21966666666667,39.953044850677024
567,40,38.331,13.396,39.61433333333334,39.79874796082047
568,40,40.014,8.473,39.71366666666666,39.81922379425185
569,40,40.796,7.736,39.809333333333335,39.91213955460824
570,40,38.618,13.492,39.527,39.7890346304546
571,40,39.167,10.901,38.98633333333333,39.729863634768414
572,40,39.174,10.9,39.841,39.676987149883715
573,40,41.182,6.7138,40.36266666666666,39.82015137981864
574,40,40.732,9.2824,40.84966666666667,39.906890908664124
575,40,40.635,10.1,40.38,39.97615222916492
576,40,39.773,11.479,40.379,39.95682738921707
577,40,40.729,8.3726,40.237,40.0302802485671
578,40,40.209,10.636,40.234,40.047280950977104
579,40,39.764,11.091,39.98500000000001,40.02033387261911
580,40,39.982,10.072,39.94833333333333,40.01668736597731
581,40,40.099,9.5119,40.00333333333333,40.02451734886607
582,40,39.929,10.032,40.38233333333333,40.015431268508166
583,40,41.119,7.6542,40.94433333333333,40.120408157982624
584,40,41.785,7.7168,40.897,40.27875232707059
585,40,39.787,12.414,39.98443024279921,40.231974425328204
586,40,38.625,13.172,39.552666666666674,40.07911110850705
587,40,40.246,8.2561,39.24933333333334,40.094986401288395
588,40,38.877,12.257,40.04366666666667,39.97912553990226
589,40,41.008,6.752,40.13466666666667,40.07699714263856
590,40,40.519,9.6485,40.749,40.11904262995669
591,40,40.72,8.9548,40.04233333333334,40.17620865289086
592,40,38.888,12.906,39.52966666666666,40.05366790530031
593,40,38.981,11.344,39.431666666666665,39.95163045450621
594,40,40.426,8.2032,39.734,39.99675482050744
595,40,39.795,10.413,40.115,39.977562908949096
596,40,40.124,9.8036,40.41033333333333,39.991492725809195
597,40,41.312,7.1239,40.904,40.11710587723072
598,40,41.276,8.711,41.13133333333333,40.22734559023354
599,40,40.806,9.9472,41.12333333333333,40.28239004581162
600,40,41.288,8.8722,40.61866666666666,40.37804861423856
601,40,39.762,12.251,40.02633333333333,40.31944703787784
602,40,39.029,11.986,40.117666666666665,40.196693364090066
603,40,41.562,5.6981,40.385333333333335,40.32656805129954
604,40,40.565,10.091,40.55266666666666,40.34924887181542
605,40,39.531,11.452,40.264,40.27141301172989
606,40,40.696,7.9684,40.02666666666667,40.311801815859624
607,40,39.853,10.648,40.17666666666667,40.26815832892513
608,40,39.981,9.7039,39.811,40.24084241529238
609,40,39.599,10.853,39.882666666666665,40.17978720561904
610,40,40.068,9.5641,39.24766666666667,40.16915345640701
611,40,38.076,13.325,39.56666666666667,39.970042397189815
612,40,40.556,6.6766,39.79587666966492,40.02578156843633
613,40,40.505,9.0384,39.75414110499708,40.07136718434661
614,40,38.2,13.941,38.88084430578487,39.89335352695374
615,40,38.041,12.258,38.35833333333333,39.71714854223677
616,40,38.834,9.7535,38.36866666666666,39.633139106066366
617,40,38.231,11.728,38.454,39.49976073300721
618,40,38.297,11.226,38.898,39.38534821212831
619,40,40.166,7.7222,38.84433333333333,39.459607652537294
620,40,38.07,13.296,39.27733333333333,39.32742133301729
621,40,39.596,8.7298,39.60609611113284,39.3529698577575
622,40,41.162,7.204,40.457,39.52505370888423
623,40,40.613,10.288,40.949000000000005,39.62854451493689
624,40,41.072,9.0152,41.08766666666667,39.765853105324304
625,40,41.578,8.5437,41.412,39.938233437283046
626,40,41.586,9.0541,40.82,40.0949771029904
627,40,39.296,13.612,40.42933333333334,40.01897446841062
628,40,40.406,9.4632,40.39566666666666,40.055790241904425
629,40,41.485,7.2603,40.594,40.19174370862561
630,40,39.891,11.456,40.144,40.163135486808876
631,40,39.056,12.159,39.314,40.057819310013194
632,40,38.995,10.962,39.684666666666665,39.95671870607732
633,40,41.003,6.4106,39.579,40.056246132523
634,40,38.739,13.1,39.81166666666666,39.930943196948164
635,40,39.693,9.8069,39.57033333333333,39.908308868904584
636,40,40.279,8.9053,39.54166666666666,39.94357083382594
637,40,38.653,12.714,39.13366666666667,39.82080538395826
638,40,38.469,11.943,39.32809700636382,39.69221500228722
639,40,40.905,6.6005,40.418029759239296,39.80758108056407
640,40,41.376,7.9472,40.97466666666667,39.956776807895615
641,40,40.643,10.044,40.39766666666667,40.022053735500265
642,40,39.174,13.08,40.16866666666667,39.941382690082314
643,40,40.689,8.1764,40.47966666666667,40.012499728353525
644,40,41.576,7.3524,41.42666666666667,40.161227569697886
645,40,42.015,7.9743,41.45633333333333,40.337567527485156
646,40,40.778,11.241,41.047666666666665,40.379463632067285
647,40,40.35,10.435,40.726,40.376660906365856
648,40,41.05,8.3022,40.864333333333335,40.44071223510884
649,40,41.193,8.6144,41.001,40.51227355004498
650,30,40.76,0.0,40.72,40.53583850926748
651,30,40.207,0.47828,40.16866666666667,40.504557771731854
652,30,39.539,3.438,39.28033333333334,40.41270916403592
653,30,38.095,5.9804,39.42775328828076,40.19223726065204
654,30,40.852,0.0,39.59877687332297,40.25499713975288
655,30,39.642,1.8734,40.089,40.19668583466452
656,30,39.773,1.9105,39.04,40.156382752701205
657,30,37.705,5.7789,37.91157768723663,39.92319515962576
658,30,36.55,4.3116,36.40994264524389,39.60232023326834
659,30,34.951,5.5758,35.11887159932817,39.15986375900956
660,30,33.861,5.7596,33.74766666666667,38.65580975739085
661,30,32.431,7.0778,32.499,38.06367521492536
662,30,31.205,7.1067,31.130666666666663,37.41124427027084
663,30,29.756,8.1567,29.678029672905414,36.68303975638087
664,30,27.967,9.8471,28.197790260975346,35.8539271546459
665,30,26.95,10.299,27.488,35.00694177881135
666,30,27.547,7.4295,27.487333333333336,34.2973153991825
667,30,27.965,6.9125,27.045,33.69495439092998
668,30,25.623,12.314,26.491,32.92711035932715
669,30,25.885,9.8924,26.34466666666667,32.25723016087439
670,30,27.526,6.393,26.922666666666668,31.807172260987258
671,30,27.357,8.6131,27.30333333333333,31.383849971896645
672,30,27.027,9.7738,27.58066666666667,30.96940495827407
673,30,28.358,7.0295,27.83366666666667,30.72099526537964
674,30,28.116,8.6218,28.493333333333336,30.473195294021657
675,30,29.006,6.8457,29.18466666666667,30.33362845615942
676,30,30.432,5.4368,30.169333333333334,30.34298604159157
677,30,31.07,5.7833,30.81266666666666,30.412143187658092
678,30,30.936,6.7485,31.358666666666664,30.46197502605688
679,30,32.07,4.677,31.634,30.614938276233058
680,30,31.896,6.3323,31.671000000000003,30.73679917274835
681,30,31.047,7.9653,31.373666666666665,30.766307002236466
682,30,31.178,6.9247,31.200333333333333,30.80546926652535
683,30,31.376,6.0854,31.19533333333333,30.85974095803004
684,30,31.032,6.7187,30.75466666666667,30.876127085956494
685,30,29.856,8.8299,30.25666666666667,30.779087576502846
686,30,29.882,7.5239,29.662000000000003,30.69375219078551
687,30,29.248,8.241,29.607,30.55622512644546
688,30,29.691,6.7562,29.36566666666667,30.473920653803688
689,30,29.158,8.3082,29.05633333333334,30.348743804288606
690,30,28.32,9.5801,28.874333333333336,30.15575970820345
691,30,29.145,6.8705,28.519,30.05961126982765
692,30,28.092,9.6733,28.963333333333328,29.872442401313073
693,30,29.653,5.8453,29.01433333333333,29.85156796001071
694,30,29.298,7.9522,29.899666666666665,29.79890985100821
695,30,30.748,5.0712,29.534666666666663,29.889191977375926
696,30,28.558,10.881,29.532666666666668,29.762562444397616
697,30,29.292,7.6803,29.382,29.717800228591102
698,30,30.296,6.0799,30.13433333333333,29.772801436730894
699,30,30.815,5.8858,30.903,29.871940493741725
700,30,31.598,5.314,31.00433333333333,30.03613176959444
701,30,30.6,8.0203,31.09133333333333,30.089769691014542
702,30,31.076,6.3912,30.49066666666667,30.1835847722037
703,30,29.796,9.0034,30.112333333333336,30.146715800990094
704,30,29.465,8.9428,29.475666666666665,30.08186763861349
705,30,29.166,8.6255,29.944,29.99474580095324
706,30,31.201,3.7855,29.752,30.10949063751657
707,30,28.889,10.339,29.944000000000003,29.993391560854633
708,30,29.742,6.7437,28.831,29.96947795824379
709,30,27.862,11.213,29.320596803401173,29.769004281907076
710,30,30.533,3.8995,29.07696847723733,29.84167931497799
711,30,28.702,10.072,29.988333333333333,29.733267409067032
712,30,30.73,4.8171,29.566000000000003,29.828081519006982
713,30,29.266,9.5946,30.24333333333333,29.774613558369257
714,30,30.734,5.072,29.99466666666667,29.86587511877086
715,30,29.984,8.4061,29.81233333333334,29.877111738880792
716,30,28.719,10.281,29.671333333333337,29.766946450084316
717,30,30.311,6.0417,29.857,29.818699501568908
718,30,30.541,6.1061,30.334000000000003,29.887408280122866
719,30,30.15,7.9407,29.77933333333333,29.912387296986804
720,30,28.647,10.317,29.96633333333333,29.792017429095935
721,30,31.102,4.1807,29.653875281921174,29.916629418938523
722,30,28.562,10.958,29.80733333333333,29.787770401160337
723,30,29.758,6.7936,29.378666666666664,29.78493849407287
724,30,29.816,7.5479,29.71,29.787893217400534
725,30,29.556,8.1038,29.99266666666667,29.765834393189355
726,30,30.606,5.5696,29.894666666666662,29.8457550809812
727,30,29.522,9.0809,30.009666666666664,29.81495790416466
728,30,29.901,7.6947,29.344000000000005,29.82314265181735
729,30,28.609,10.014,29.74766666666667,29.707647426799735
730,30,30.733,4.9107,29.875666666666664,29.805184010319717
731,30,30.285,7.34,30.161666666666665,29.850826468899214
732,30,29.467,9.108,29.709,29.814315005994196
733,30,29.375,8.5661,30.138666666666666,29.77252520032765
734,30,31.574,3.4328,30.790666666666667,29.943890350081915
735,30,31.423,6.1781,31.141,30.08459054011915
736,30,30.426,8.6882,30.741666666666664,30.117067088350993
737,30,30.376,7.9914,30.68933333333333,30.14169806136772
738,30,31.266,5.4085,30.30733333333333,30.24864719555365
739,30,29.28,10.382,30.01533333333333,30.156504706657724
740,30,29.5,8.3083,29.41033333333333,30.094054747662327
741,30,29.451,8.1972,29.302666666666667,30.0328842149669
742,30,28.957,8.4673,29.33966666666667,29.930540812966722
743,30,29.611,6.7263,29.33933333333333,29.90014451806623
744,30,29.45,7.8921,30.056,29.85732455590883
745,30,31.107,4.6181,29.97066666666667,29.976199835018956
746,30,29.355,9.6195,30.075000000000003,29.917108249183446
747,30,29.763,7.8855,29.897666666666662,29.902448714004553
748,30,30.575,6.1775,30.058000000000003,29.966425102607378
749,30,29.836,8.6321,29.917666666666666,29.954018424898596
750,30,29.342,9.1146,30.213666666666665,29.89580021998438
751,30,31.463,3.8765,30.852666666666664,30.044879976773693
752,30,31.753,5.3275,31.531333333333333,30.207364760702767
753,30,31.378,6.6433,31.57166666666667,30.318721346499178
754,30,31.584,6.3923,31.396666666666665,30.43908087968692
755,30,31.228,7.1999,30.645,30.514126749449318
756,30,29.123,10.905,30.268,30.381795925954087
757,30,30.453,6.0979,29.569333333333333,30.388569207941828
758,30,29.132,9.688,30.124666666666663,30.269038160083312
759,30,30.789,4.5899,29.84566666666667,30.318499489534066
760,30,29.616,8.4264,30.26533333333333,30.251674280406412
761,30,30.391,6.0952,29.469,30.264927628611517
762,30,28.4,10.761,29.65033333333333,30.087526533455478
763,30,30.16,5.4252,29.481333333333332,30.0944205663056
764,30,29.884,7.6994,29.68166666666667,30.074404326354372
765,30,29.001,9.1672,29.89766666666667,29.972296823564964
766,30,30.808,4.9954,29.781333333333333,30.05179302301552
767,30,29.535,8.7353,30.450333333333333,30.002633127025234
768,30,31.008,5.1354,29.938666666666663,30.0982685723707
769,30,29.273,9.7769,30.212,30.019764963817575
770,30,30.355,6.5652,30.014333333333337,30.05165417047688
771,30,30.415,6.6181,30.56266666666666,30.0862174141593
772,30,30.918,6.0443,30.275666666666663,30.165340667735485
773,30,29.494,9.6505,29.70733333333333,30.101479439100178
774,30,28.71,9.6305,29.584333333333333,29.96911506602943
775,30,30.549,4.9382,29.788,30.02427657512641
776,30,30.105,7.1485,30.506666666666664,30.031955384618865
777,30,30.866,5.9111,29.786666666666665,30.111293813578584
778,30,28.389,11.631,29.796,29.947460748948195
779,30,30.133,5.6266,29.622,29.965110155727334
780,30,30.344,6.2403,29.90533333333333,30.001152022599946
781,30,29.239,9.4874,29.46066666666667,29.92865237091894
782,30,28.799,9.4721,28.90233333333333,29.821194277279222
783,30,28.669,8.5945,28.932666666666663,29.71159188655587
784,30,29.33,6.9631,28.70233333333333,29.6752929881219
785,30,28.108,9.9988,29.352,29.52620436491875
786,30,30.618,4.4387,29.59133333333333,29.630061339515777
787,30,30.048,7.462,30.388666666666666,29.66981772198363
788,30,30.5,6.437,30.509,29.748788746402894
789,30,30.979,6.2578,30.858,29.865812495911015
790,30,31.095,6.8242,31.006,29.982738861327057
791,30,30.944,7.3339,31.252333333333336,30.074178752138522
792,30,31.718,5.4579,31.543333333333333,30.23054712007809
793,30,31.968,5.8254,31.333,30.395822189711563
794,30,30.313,9.1801,30.49713311655155,30.387943735377657
795,30,29.236,9.9589,29.772666666666662,30.278365177433145
796,30,29.769,7.1557,29.484333333333336,30.229911854674306
797,30,29.448,7.8392,29.79133333333333,30.155532550509037
798,30,30.157,6.1599,29.33533333333333,30.15567214152736
799,30,28.401,10.52,28.79133333333333,29.988759090977243
800,30,27.816,9.8927,28.001,29.782075551982985
801,30,27.786,9.0138,28.22066666666667,29.59219902084938
802,30,29.06,6.4815,29.032666666666668,29.54157363051724
803,30,30.252,5.5663,29.39833333333333,29.6091528834815
804,30,28.883,9.7618,29.536999999999995,29.540077647100212
805,30,29.476,7.6001,29.798666666666666,29.533982265919622
806,30,31.037,4.5656,30.38733333333333,29.67695671059731
807,30,30.649,7.5474,31.00433333333333,29.769422252655637
808,30,31.327,6.2789,31.417,29.91758671433788
809,30,32.275,4.8836,31.331333333333333,30.14183546919343
810,30,30.392,9.5053,31.402,30.165632350666694
811,30,31.539,5.3362,31.212333333333333,30.296273841149088
812,30,31.706,6.0735,31.30366666666667,30.43037393201238
813,30,30.666,8.4468,30.45280537178279,30.45278784334439
814,30,28.932,10.501,29.888,30.30812301840952
815,30,30.066,6.2945,29.56866666666666,30.28509108517557
816,30,29.708,7.564,29.640666666666664,30.230195340727214
817,30,29.148,8.4092,29.510666666666665,30.12725159338153
818,30,29.676,7.2085,29.582,30.084326320771144
819,30,29.922,6.6924,29.93466666666667,30.068885042173704
820,30,30.206,6.4921,29.57333333333333,30.081928091838193
821,30,28.592,10.557,29.166666666666668,29.940198798357443
822,30,28.702,9.0723,28.590666666666664,29.822415234277244
823,30,28.478,8.8789,28.567000000000004,29.694527840017976
824,30,28.521,8.5637,29.150094236228043,29.582896095803704
825,30,31.31,2.8675,29.954576754075067,29.747186719928784
826,30,29.693,9.0467,30.043000000000003,29.742032212423613
827,30,29.126,9.2616,29.96633333333333,29.68343219628427
828,30,31.08,4.3213,30.44366666666667,29.816280599642038
829,30,31.125,6.3902,30.584,29.94077243048499
830,30,29.547,10.186,30.087333333333333,29.903314858760183
831,30,29.59,8.5644,29.70733333333333,29.873510807267795
832,30,29.985,7.332,29.722,29.884116208027223
833,30,29.591,7.7931,30.046666666666667,29.85623355160976
834,30,30.564,5.9895,30.221,29.923559779787638
835,30,30.508,7.2149,30.453333333333333,29.97915461013293
836,30,30.288,7.2813,30.109333333333336,30.008533503745603
837,30,29.532,8.7102,29.85,29.96320329138452
838,30,29.73,7.9234,29.724666666666668,29.941019846487837
839,30,29.912,7.4934,30.114666666666665,29.938259335855026
840,30,30.702,6.0509,30.267333333333337,30.010910106939043
841,30,30.188,7.8749,29.963,30.027755769198585
842,30,28.999,9.77,29.938,29.929895456924807
843,30,30.627,5.3243,30.412666666666667,29.996207472191514
844,30,31.612,4.6464,31.027666666666665,30.14990961032305
845,30,30.844,7.6664,30.81833333333333,30.215934904482936
846,30,29.999,8.9304,30.715333333333334,30.195298988620884
847,30,31.303,5.1931,30.749666666666663,30.300668960897188
848,30,30.947,6.8034,31.07933333333333,30.36215115056025
849,30,30.988,6.8194,30.68233333333333,30.42168497352979
850,30,30.112,8.8162,29.91133333333333,30.39222621458671
851,30,28.634,10.494,29.413,30.22497508311414
852,30,29.493,6.7314,29.361666666666665,30.15534601044709
853,30,29.958,6.4598,29.890666666666664,30.136573486601726
854,30,30.221,6.7663,30.012,30.144604552101146
855,30,29.857,7.6485,30.078666666666667,30.117246191523588
856,30,30.158,6.8238,29.56566666666667,30.121122894374988
857,30,28.682,10.064,29.25633333333333,29.984226441338723
858,30,28.929,8.4316,29.10033333333333,29.883848108443054
859,30,29.69,7.0587,29.351333333333333,29.86540832225289
860,30,29.435,7.9611,29.811,29.824465764182268
861,30,30.308,5.9629,29.455,29.870461920635464
862,30,28.622,10.363,29.355666666666668,29.751702077849373
863,30,29.137,7.9246,29.320666666666668,29.693228590657615
864,30,30.203,5.8219,30.171333333333337,29.741720556195123
865,30,31.174,5.2671,30.329666666666665,29.877966026529883
866,30,29.612,9.6382,29.94966666666667,29.85266602900889
867,30,29.063,9.4123,29.750333333333334,29.777549109615084
868,30,30.576,5.4861,29.39133333333333,29.853501688261826
869,30,28.535,10.748,29.721855535622787,29.728079318045307
870,30,31.776,2.8009,30.68592792781993,29.922887613122125
871,30,30.265,8.6147,30.779,29.95543102722971
872,30,30.296,7.4458,29.97266666666667,29.98782762419074
873,30,29.357,9.0443,29.71033333333333,29.927820195661496
874,30,29.478,8.2298,29.567,29.88503108464754
875,30,29.866,7.375,30.17833333333333,29.88322075420539
876,30,31.191,4.6737,30.195000000000004,30.00762315291886
877,30,29.528,9.9192,30.30733333333333,29.96199903792125
878,30,30.203,6.5101,29.47233333333333,29.98492423563429
879,30,28.686,10.423,29.621666666666663,29.861364169071383
880,30,29.976,6.346,29.528666666666663,29.87226889354372
881,30,29.924,7.4728,29.742,29.877189811008925
882,30,29.326,8.8559,30.138,29.82475792324466
883,30,31.164,4.5165,30.26,29.952153221298307
884,30,30.29,7.6353,30.11966666666667,29.98429086976097
885,30,28.905,10.67,30.075,29.88162340998932
886,30,31.03,4.4506,30.253666666666664,29.990862643509136
887,30,30.826,6.9837,30.542666666666666,30.070305019381653
888,30,29.772,9.0497,30.241,30.041928777688966
889,30,30.125,7.3349,29.98633333333333,30.049830921229464
890,30,30.062,7.6999,30.139333333333337,30.05098850389799
891,30,30.231,6.9556,30.33866666666667,30.068112083418846
892,30,30.723,6.1929,30.877333333333336,30.130408245384363
893,30,31.678,5.2514,30.534,30.277622790287467
894,30,29.201,10.791,30.235000000000003,30.175209131367552
895,30,29.826,7.434,29.61133333333333,30.141990639994127
896,30,29.807,7.739,29.461666666666662,30.110124681503166
897,30,28.752,9.7427,29.163666666666668,29.980933177146245
898,30,28.932,8.3773,28.97433333333333,29.88115349051584
899,30,29.239,7.5596,29.379,29.820068689836148
900,30,29.966,6.1862,29.892,29.83395039432883
901,30,30.471,6.0007,30.086,29.894549688360915
902,30,29.821,8.6374,30.435666666666663,29.88755327999448
903,30,31.015,5.4943,30.09166666666667,29.994801561263163
904,30,29.439,9.8162,29.98033333333333,29.94193098111581
905,30,29.487,8.595,29.71066666666667,29.898655707034294
906,30,30.206,6.7366,30.57733333333333,29.927891808921352
907,30,32.039,3.571,31.02866666666667,30.128710810873223
908,30,30.841,7.8919,30.888666666666666,30.196467264410767
909,30,29.786,9.1681,30.294666666666668,30.157421597911426
910,30,30.257,7.2164,30.136,30.16689398564025
911,30,30.365,6.8358,30.747,30.185738804798504
912,30,31.619,4.7649,30.71033333333333,30.322077664158265
913,30,30.147,9.0867,30.226777846980447,30.30542341501608
914,30,28.917,10.238,29.493333333333336,30.17334974599788
915,30,29.416,7.2368,29.43766666666667,30.101306910503936
916,30,29.98,6.5551,30.02333333333333,30.089767600107525
917,30,30.674,5.9433,30.566666666666663,30.145342661561106
918,30,31.046,5.9912,30.127666666666663,30.231017620604067
919,30,28.663,11.33,29.092400818609352,30.081860066792593
920,30,28.057,10.025,28.917666666666666,29.889245410933707
921,30,30.033,5.183,29.829009067868757,29.90292005500183
922,30,31.17,4.9091,30.525666666666663,30.023450935902705
923,30,30.374,7.8646,30.651,30.056796888272494
924,30,30.409,7.2352,30.62833333333333,30.090300181794046
925,30,31.102,5.6336,30.24679590558229,30.186538048060484
926,30,27.977,12.699,29.06109649929487,29.976355913643452
927,30,31.469,3.1642,30.429644142007703,30.11834356589084
928,30,29.709,9.4616,30.899,30.079404791125526
929,30,31.519,4.1151,30.32,30.2163461730417
930,30,29.732,9.1959,30.113,30.170272781123426
931,30,29.088,9.3994,29.74466666666667,30.067321667266096
932,30,30.414,5.6576,29.747333333333334,30.100299416616966
933,30,29.74,7.94,30.463666666666665,30.066025962724538
934,30,31.237,5.0949,30.457,30.177414776652196
935,30,30.394,7.4158,30.647666666666662,30.198017429123553
936,30,30.312,7.6698,30.244,30.2088600122844
937,30,30.026,7.5922,30.12633333333333,30.191465467883955
938,30,30.041,7.5577,29.859333333333336,30.177152451991937
939,30,29.511,8.6966,29.79233333333333,30.11378475197441
940,30,29.825,7.1541,29.82733333333333,30.086314124975996
941,30,30.146,6.6828,29.616,30.091991739180514
942,30,28.877,9.5541,29.811,29.97641574479373
943,30,30.41,5.2893,29.517666666666667,30.017660413238733
944,30,29.266,9.0507,30.114666666666665,29.946158775079578
945,30,30.668,5.3131,29.544,30.014823865276668
946,30,28.698,10.53,30.12333333333333,29.889561097840694
947,30,31.004,4.3284,29.51265915094254,29.99557201145172
948,30,28.484,11.259,29.6,29.851783841806554
949,30,29.312,7.4403,29.593333333333334,29.800436945972688
950,30,30.984,4.5949,30.424000000000003,29.913023289136575
951,30,30.976,6.0042,30.448,30.014138865816047
952,30,29.384,10.06,29.989666666666665,29.954196955373455
953,30,29.609,7.7655,29.70733333333333,29.92136012192841
954,30,30.129,6.9496,30.06,29.941111849128347
955,30,30.442,6.2793,30.67833333333333,29.988758795396965
956,30,31.464,5.2645,30.83566666666667,30.12909099987545
957,30,30.601,7.9004,30.32933333333333,30.173981306690422
958,30,28.923,10.437,30.070666666666668,30.054981807502433
959,30,30.688,4.8978,29.92866666666667,30.11519761367094
960,30,30.175,7.7589,29.863333333333333,30.120886311004263
961,30,28.727,10.345,29.33933333333333,29.988292984431443
962,30,29.116,7.9939,29.51033333333333,29.90531618235024
963,30,30.688,4.5285,29.344000000000005,29.979768919433315
964,30,28.228,11.098,28.992115323986116,29.813132037658363
965,30,28.275,9.2494,28.941739724195006,29.6668173475927
966,30,30.893,3.7642,29.608,29.783457876726985
967,30,29.656,8.268,30.109333333333336,29.77133345614855
968,30,29.779,7.6754,30.126,29.772062735534217
969,30,30.943,5.6165,30.454,29.88344805145122
970,30,30.64,7.3208,30.32333333333333,29.95541499652507
971,30,29.387,9.4776,30.49233333333333,29.90134456433262
972,30,31.45,4.4934,30.633,30.048660291812777
973,30,31.062,6.9358,30.49766504852738,30.145054152485727
974,30,28.883,10.964,29.535,30.025001349705448
975,30,28.66,9.4476,29.386,29.895155702822354
976,30,30.615,4.5562,29.789,29.96363083542373
977,30,30.092,7.2121,30.10433333333333,29.97584194218772
978,30,29.606,8.3807,29.959333333333333,29.940660756294953
979,30,30.18,6.8671,29.253,29.963427883177353
980,30,27.973,11.38,29.024,29.774088586098213
981,30,28.919,7.5451,29.20526311527965,29.69274835106604
982,30,31.015,4.1039,29.961,29.8185274359989
983,30,29.949,8.5728,30.456666666666667,29.830938628469056
984,30,30.406,6.6763,30.151,29.88564129656534
985,30,30.098,7.7279,29.723,29.905841901659745
986,30,28.665,10.561,29.83233333333333,29.78780691258415
987,30,30.734,4.7679,29.813666666666663,29.877813456195504
988,30,30.042,8.3124,30.409,29.893431688363844
989,30,30.451,6.8677,29.824,29.946470330502574
990,30,28.979,9.7493,29.470333333333333,29.854439790802804
991,30,28.981,8.7785,29.738,29.771353898855008
992,30,31.254,3.6269,30.64669256848206,29.912390493539263
993,30,31.544,5.3378,31.22666666666667,30.067597220530935
994,30,30.882,7.9498,30.47341466581175,30.14506722138212
995,30,28.576,11.583,30.049333333333333,29.995809824378533
996,30,30.69,5.0469,29.786666666666672,30.061844610668604
997,30,30.094,7.7463,30.488333333333333,30.06490338956975
998,30,30.681,6.5498,30.89933333333333,30.12350953156445
999,30,31.923,4.5566,30.819666666666667,30.294685921964646
1000,30,29.855,9.6015,29.80246665553528,30.252860832945352
