time,SP,PV,CO,PV_filtered,Filtered_PV_Kalman,Filtered_PV_Chebyshev,Filtered_PV_Wiener,Filtered_PV_Median
291,30,30.228,8.4774,30.170915049946828,15.189194029850748,29.60202452897081,30.170915049946828,30.228
292,30,30.941,6.3222,30.186,20.526497187592515,29.49455107596895,30.186,30.228
293,30,29.389,9.736,29.858,22.81852537932854,29.361857641416712,29.858,29.389
294,30,29.244,8.9146,29.737,24.17907101268357,29.21860783456102,29.737,29.389
295,30,30.578,5.574,29.849666666666668,25.340456626518275,29.08684708663616,29.849666666666668,29.727
296,30,29.727,8.3027,30.12933333333333,26.045460026267133,28.99075160867108,30.12933333333333,30.083
297,30,30.083,6.8027,29.836,26.634232208210385,28.94830447117407,29.836,29.727
298,30,29.698,7.9323,29.77733333333333,27.047279380138423,28.959856069339523,29.77733333333333,29.698
299,30,29.551,8.1186,29.373666666666665,27.363994392650024,28.99828735473229,29.373666666666665,29.551
300,40,28.872,29.603,29.334000000000003,27.54511165905064,29.01041339986141,29.334000000000003,29.551
301,40,29.579,17.534,29.473,27.77926420023114,28.93808191070692,29.473,29.579
302,40,29.968,14.527,29.771,28.02267418843431,28.757198882916583,29.771,29.766
303,40,29.766,14.653,29.825666666666663,28.21113933289717,28.5180335879298,29.825666666666663,29.766
304,40,29.743,15.016,29.616333333333333,28.37295122813253,28.36116583444265,29.616333333333333,29.743
305,40,29.34,15.982,29.292666666666666,28.47318219329788,28.48994629748149,29.292666666666666,29.34
306,40,28.795,17.088,29.318,28.50602330675665,29.10228746090031,29.318,29.34
307,40,29.819,14.777,30.08421412758549,28.63831735290452,30.309852102614627,30.08421412758549,29.819
308,40,33.331,11.388,33.31139620459765,29.10624629365667,32.08406791911322,33.31139620459765,33.331
309,40,36.482,8.4408,36.30074948691973,29.83546786269716,34.25601991941964,36.30074948691973,36.482
310,40,37.956,9.5472,37.74633333333333,30.63273288971649,36.56801768307647,37.74633333333333,37.956
311,40,38.801,10.517,39.12913466511326,31.4301079838493,38.7488037868045,39.12913466511326,38.801
312,40,40.855,8.0504,40.744805427851695,32.34585099377733,40.57896441602451,40.744805427851695,40.855
313,40,42.334,7.7019,42.47067628264641,33.31260346987474,41.92716663019223,42.47067628264641,42.334
314,40,44.635,5.3212,43.49366666666666,34.40505845045017,42.75614085822989,43.49366666666666,43.512
315,40,43.512,9.7508,44.395,35.281493758383505,43.10707801725835,44.395,44.635
316,40,45.038,5.8195,43.763,36.2184649444074,43.07188221783645,43.763,43.512
317,40,42.739,11.421,43.54,36.84358803890458,42.761215510320255,43.54,42.843
318,40,42.843,9.0662,42.79266666666666,37.41793877095839,42.27640317996984,42.79266666666666,42.796
319,40,42.796,8.6382,42.71666666666667,37.93220927391356,41.693061843160976,42.71666666666667,42.796
320,40,42.511,8.6348,42.062000000000005,38.36963578519171,41.06022986260253,42.062000000000005,42.511
321,40,40.879,11.36,41.27933333333333,38.60917741648552,40.41130413480767,41.27933333333333,40.879
322,40,40.448,10.22,40.898,38.78459825533593,39.77736426986579,40.898,40.879
323,40,41.367,7.8145,40.488751779024334,39.03082725960186,39.1938880996582,40.488751779024334,40.448
324,40,38.069,14.984,39.18622994252857,38.939157209187165,38.69759422478676,39.18622994252857,39.812
325,40,39.812,8.7474,38.835,39.02231729448679,38.31701356119945,38.835,38.624
326,40,38.624,11.992,39.16366666666667,38.984378457193145,38.06444132773855,39.16366666666667,39.055
327,40,39.055,10.168,38.854000000000006,38.99110342929089,37.93564334883484,38.854000000000006,38.883
328,40,38.883,10.757,39.38966666666667,38.98081119669608,37.91759098550717,39.38966666666667,39.055
329,40,40.231,8.2592,38.99766666666667,39.09981960063422,37.99805171876573,38.99766666666667,38.883
330,40,37.879,14.336,38.852,38.9836218389996,38.16940831305013,38.852,38.446
331,40,38.446,10.941,38.91366666666666,38.93245630432525,38.4241989485207,38.91366666666666,38.446
332,40,40.416,7.5766,39.619,39.07363318291793,38.74730155599615,39.619,39.995
333,40,39.995,10.056,40.648,39.16130604655865,39.11218838294885,40.648,40.416
334,40,41.533,7.2849,40.40133333333333,39.38697208725177,39.48366505464698,40.40133333333333,39.995
335,40,39.676,12.555,41.025,39.41447171586786,39.82297138106738,41.025,41.533
336,40,41.866,6.5503,40.331714150802085,39.64771392593249,40.09063700280768,40.331714150802085,39.676
337,40,39.39,13.18,40.81016963031126,39.62319539931625,40.24799380130145,40.81016963031126,41.866
338,40,42.001,6.4159,41.06428525607557,39.849410389368025,40.2626918186734,41.06428525607557,41.57
339,40,41.57,9.0632,41.344,40.01309705022751,40.12112262140224,41.344,41.57
340,40,40.461,11.089,41.16066666666666,40.05570713158274,39.84276431051089,41.16066666666666,41.451
341,40,41.451,8.0101,40.378234651125496,40.18844279701993,39.48567861387376,40.378234651125496,40.461
342,40,38.537,14.393,39.53098306785933,40.031341153419184,39.135222257157935,39.53098306785933,39.349
343,40,39.349,10.418,39.434333333333335,39.96643070446512,38.878240348695904,39.434333333333335,39.349
344,40,40.417,7.8276,40.181,40.00929258742118,38.77431721673495,40.181,40.417
345,40,40.777,8.6692,40.16566666666667,40.08232280717064,38.83655990150052,40.16566666666667,40.417
346,40,39.303,11.858,39.89866666666666,40.00818803045881,39.02757339815408,39.89866666666666,39.616
347,40,39.616,10.083,39.742333333333335,39.97088045130824,39.26947209934495,39.742333333333335,39.616
348,40,40.308,8.8712,40.23266666666667,40.00294943118971,39.46495745911493,40.23266666666667,40.308
349,40,40.774,8.4227,40.553,40.07629650982379,39.52633469604434,40.553,40.577
350,40,40.577,10.03,40.29933333333333,40.12392639721094,39.4059812400505,40.29933333333333,40.577
351,40,39.547,11.96,40.22,40.06904584041024,39.11716284709592,40.22,40.536
352,40,40.536,8.4072,39.59066666666666,40.11346513537359,38.73436814601845,39.59066666666666,39.547
353,40,38.689,12.979,39.25733333333333,39.97796220880251,38.36979309145647,39.25733333333333,38.689
354,40,38.547,11.881,39.084,39.84184138913187,38.1335165675082,39.084,38.689
355,40,40.016,8.1342,39.065333333333335,39.85840827829736,38.09318797096911,39.065333333333335,38.633
356,40,38.633,12.209,39.037,39.74184103756205,38.250099273171465,39.037,38.633
357,40,38.462,11.327,39.24166666666667,39.62009593899774,38.5416743244229,39.24166666666667,38.633
358,40,40.63,6.6341,39.93200000000001,39.71616319057792,38.86906908359658,39.93200000000001,40.63
359,40,40.704,8.9743,40.561,39.8101312554453,39.13743449450544,40.561,40.63
360,40,40.349,10.049,40.31166666666667,39.86139117662382,39.29006682188708,40.31166666666667,40.349
361,40,39.882,11.168,39.729,39.863351591653554,39.32077982117428,39.729,39.882
362,40,38.956,12.554,39.75233333333333,39.77703975887255,39.26182146502677,39.75233333333333,39.882
363,40,40.419,8.0683,40.02933333333333,39.83810622504708,39.15935532081334,40.02933333333333,40.419
364,40,40.713,9.042,40.25466666666667,39.92133048105262,39.05351005542894,40.25466666666667,40.419
365,40,39.632,11.855,40.24666666666667,39.89380792701537,38.97201977081114,40.24666666666667,40.395
366,40,40.395,8.7519,39.936,39.94148380456341,38.93385326026432,39.936,39.781
367,40,39.781,10.682,39.775,39.9262177897461,38.95299165107177,39.775,39.781
368,40,39.149,11.559,39.56633333333334,39.85228498660719,39.03611931324977,39.56633333333334,39.769
369,40,39.769,9.669,39.96966666666667,39.84436250686532,39.17621277487709,39.96966666666667,39.769
370,40,40.991,7.8885,40.469,39.95343633022934,39.34904108138592,40.469,40.647
371,40,40.647,9.464,40.73,40.0194115307478,39.51743968070163,40.73,40.647
372,40,40.552,9.6604,40.561,40.07007397396136,39.64174081988342,40.561,40.552
373,40,40.484,10.117,40.184333333333335,40.10944865911137,39.69064457256983,40.184333333333335,40.484
374,40,39.517,11.702,40.419,40.05309202169428,39.64836358743283,40.419,40.484
375,40,41.256,7.2319,40.315666666666665,40.16751855749406,39.51774383312819,40.315666666666665,40.174
376,40,40.174,11.046,40.795,40.16813510424299,39.32019194226569,40.795,40.955
377,40,40.955,8.51,40.21966666666666,40.24298556966115,39.091204675771294,40.21966666666666,40.174
378,40,39.53,11.865,39.681333333333335,40.17516287030397,38.86962188167748,39.681333333333335,39.53
379,40,38.559,12.64,38.919,40.0214254984054,38.68295072472263,38.919,38.668
380,40,38.668,11.021,39.061,39.89268100006883,38.53731351186672,39.061,38.668
381,40,39.956,8.266,39.86866666666666,39.898704215127104,38.42104630677891,39.86866666666666,39.956
382,40,40.982,7.6279,39.90233333333333,40.00175264396356,38.32170946105425,39.90233333333333,39.956
383,40,38.769,13.119,39.38229679909888,39.88448714319254,38.24383790029738,39.38229679909888,38.769
384,40,38.47,12.19,38.515,39.74993416246564,38.21193323742661,38.515,38.47
385,40,38.306,11.55,38.562666666666665,39.61258003659065,38.25495320591504,38.562666666666665,38.47
386,40,38.912,10.246,39.35261476065211,39.545937414743314,38.38459035224172,39.35261476065211,38.912
387,40,41.12,6.4863,40.02466666666667,39.69566999632285,38.58455549387195,40.02466666666667,40.042
388,40,40.042,10.995,40.04166666666666,39.728614611075415,38.817928188831225,40.04166666666666,40.042
389,40,38.963,12.394,39.64633333333333,39.65578558061721,39.04530038649904,39.64633333333333,39.934
390,40,39.934,9.0934,39.75633333333333,39.68225070564744,39.24095855818484,39.75633333333333,39.934
391,40,40.372,9.3466,40.436,39.74786305364577,39.39949331073154,40.436,40.372
392,40,41.002,8.7984,40.79333333333333,39.86716273309709,39.53259156987304,40.79333333333333,41.002
393,40,41.006,9.4992,40.691,39.97549453946365,39.65896076097545,40.691,41.002
394,40,40.065,11.429,40.289,39.984008739427,39.79106058733156,40.289,40.065
395,40,39.796,10.603,40.501666666666665,39.96612442273528,39.92413458921372,40.501666666666665,40.065
396,40,41.644,6.7062,41.04433333333333,40.125732206274456,40.03426511566143,41.04433333333333,41.644
397,40,41.693,8.6281,41.46633333333333,40.2748184329944,40.088284924837325,41.46633333333333,41.644
398,40,41.062,10.041,41.29566666666667,40.3496990181882,40.05997832484149,41.29566666666667,41.132
399,40,41.132,9.2693,40.65733333333333,40.42411533808616,39.94171782391549,40.65733333333333,41.062
400,40,39.778,11.862,39.91266666666667,40.36265366693565,39.744759704898605,39.91266666666667,39.778
401,40,38.828,12.451,39.78085536983449,40.216669856555576,39.491567969472776,39.78085536983449,39.778
402,40,41.965,4.9773,40.89002481305717,40.38297962508701,39.20961452396401,40.89002481305717,40.673
403,40,40.673,10.359,40.48721726560149,40.41056779062839,38.9317071691216,40.48721726560149,40.673
404,40,38.344,14.071,39.89566666666666,40.2139856907511,38.69780980788932,39.89566666666666,40.67
405,40,40.67,6.9112,39.16381280966931,40.257364016344496,38.54920613873125,39.16381280966931,38.344
406,40,38.202,13.847,39.34033333333333,40.06184767463604,38.5129635580462,39.34033333333333,39.149
407,40,39.149,9.8432,39.058,39.97501311080311,38.585690991102624,39.058,39.149
408,40,39.823,9.1576,39.807,39.96055287549775,38.72955207429139,39.807,39.823
409,40,40.449,8.8037,40.107,40.00701637010745,38.88649756545493,40.107,40.049
410,40,40.049,9.7501,40.185,40.01101005962536,39.00395128482505,40.185,40.057
411,40,40.057,10.03,40.169,40.01538484911526,39.056596257250405,40.169,40.057
412,40,40.401,9.7822,39.612,40.0520664602562,39.05145488551919,39.612,40.057
413,40,38.378,13.585,39.37566666666667,39.8928210188418,39.0153416633046,39.37566666666667,39.348
414,40,39.348,10.196,39.63583940611751,39.840994961933966,38.97586663914584,39.63583940611751,39.348
415,40,41.834,5.2501,40.40173752245544,40.030579410675394,38.95013497312144,40.40173752245544,39.348
416,40,39.269,13.009,40.24416595420381,39.9581342286576,38.94678031889112,40.24416595420381,39.728
417,40,39.728,10.237,39.809333333333335,39.93624272811299,38.97461356487816,39.809333333333335,39.728
418,40,40.431,8.7258,40.136,39.98330647499719,39.046235460889385,40.136,40.249
419,40,40.249,9.7561,39.84633333333334,40.00858055083196,39.17094580237865,39.84633333333334,40.249
420,40,38.859,12.727,39.91133333333334,39.89922679063199,39.34167442288215,39.91133333333334,40.249
421,40,40.626,7.9912,40.495415297869776,39.96836103546533,39.5270868810124,40.495415297869776,40.626
422,40,41.891,6.6475,40.60666666666666,40.15125191694908,39.67806710499385,40.60666666666666,40.626
423,40,39.303,13.043,40.808846976438936,40.07056201953588,39.74824723861669,40.808846976438936,41.259
424,40,41.259,7.4872,40.763,40.18361208969714,39.71764935401535,40.763,41.259
425,40,41.727,7.8125,40.791,40.33042674423849,39.60486189732512,40.791,41.259
426,40,39.387,13.255,40.10279045853306,40.24068334880579,39.4590974767016,40.10279045853306,39.387
427,40,39.298,11.267,39.62533333333334,40.15101066880566,39.33531849995617,39.62533333333334,39.387
428,40,40.191,9.0146,40.159333333333336,40.15481465081526,39.26654584467611,40.159333333333336,40.191
429,40,40.989,7.7235,40.65833333333334,40.23416646706718,39.24969677765421,40.65833333333334,40.795
430,40,40.795,8.9862,40.34233333333333,40.28751571312704,39.25185428539483,40.34233333333333,40.795
431,40,39.243,12.724,40.12200000000001,40.18815623741668,39.23011061160664,40.12200000000001,40.328
432,40,40.328,8.5122,39.777,40.20145886442077,39.15156117634995,39.777,39.76
433,40,39.76,10.29,39.89666666666667,40.159465124388646,39.00405232684733,39.89666666666667,39.76
434,40,39.602,10.793,39.52,40.10643629792875,38.796510287934126,39.52,39.602
435,40,39.198,11.253,39.70733333333333,40.02002136597125,38.55296009955463,39.70733333333333,39.602
436,40,40.322,8.2928,39.298,40.04874705997061,38.30491244320423,39.298,39.198
437,40,38.374,13.121,39.02766666666667,39.88943687656717,38.08475540181795,39.02766666666667,38.387
438,40,38.387,11.362,38.47933333333333,39.74651768591507,37.92093908632175,38.47933333333333,38.387
439,40,38.677,10.854,38.959333333333326,39.64477989949417,37.83536600222628,38.959333333333326,38.677
440,40,39.814,8.4241,38.87733333333333,39.66087694835097,37.8431264686052,38.87733333333333,38.677
441,40,38.141,13.087,38.909,39.51629877223125,37.95305604507036,38.909,38.772
442,40,38.772,10.556,39.071666666666665,39.44549740959852,38.1663237235067,39.071666666666665,38.772
443,40,40.302,7.8499,39.55266666666667,39.52697215167972,38.47198883524613,39.55266666666667,39.584
444,40,39.584,10.739,39.68266666666667,39.53239692130144,38.84204978997185,39.68266666666667,39.584
445,40,39.162,11.799,39.96066666666667,39.497162943063785,39.23069617950584,39.96066666666667,39.584
446,40,41.136,7.0987,40.23766666666666,39.6530571902305,39.58184448449612,40.23766666666666,40.415
447,40,40.415,10.457,41.034,39.72553694055733,39.84546623412977,41.034,41.136
448,40,41.551,7.6205,40.635333333333335,39.89918397165051,39.99728064650414,40.635333333333335,40.415
449,40,39.94,12.402,41.347,39.90306659316248,40.05142585326707,41.347,41.551
450,30,42.55,0.0,41.2832864050088,40.15485592695432,40.05638882459971,41.2832864050088,39.94
451,30,39.533,2.2853,40.64279359377166,40.09570193042465,40.07180407833407,40.64279359377166,40.753
452,30,40.753,0.94329,40.708333333333336,40.15822735800569,40.13399465430441,40.708333333333336,40.753
453,30,41.839,0.22494,41.44733333333333,40.31811072442892,40.22554976874279,41.44733333333333,41.75
454,30,41.75,1.1344,41.124,40.45431908004088,40.26410275290737,41.124,41.75
455,30,39.783,5.3808,40.357,40.39045990493334,40.11767050968319,40.357,39.783
456,30,39.538,3.2037,40.14866666666666,40.30936972299187,39.64342455682978,40.14866666666666,39.783
457,30,41.125,0.0,39.7431653119496,40.38695648945068,38.7380307075357,39.7431653119496,39.538
458,30,38.389,4.1374,38.57113552651587,40.19690103428722,37.38148885017776,38.57113552651587,38.389
459,30,36.989,4.3524,36.79008631906666,39.891749698705134,35.65497043293143,36.79008631906666,36.989
460,30,33.486,7.5513,33.61768467883129,39.28240325844042,33.72179568478545,33.61768467883129,33.486
461,30,31.61,7.9487,31.97850660073461,38.552566497139686,31.77885752966582,31.97850660073461,31.61
462,30,30.855,6.5526,30.921333333333337,37.82033608472111,30.0019172062176,30.921333333333337,30.855
463,30,30.299,6.6382,30.012,37.10486957653304,28.50931537659353,30.012,30.299
464,30,28.882,8.3481,28.756803232846583,36.322669749675256,27.354018088115943,28.756803232846583,28.882
465,30,26.836,10.719,27.084882119657856,35.420251029958486,26.53639632927726,27.084882119657856,26.836
466,30,25.803,10.731,26.170666666666666,34.5054107761437,26.023543265259097,26.170666666666666,25.873
467,30,25.873,9.2843,26.354,33.684253374628426,25.766801083310312,26.354,25.873
468,30,27.386,6.2641,26.526666666666667,33.085132513803835,25.71709426237762,26.526666666666667,26.321
469,30,26.321,10.208,27.259666666666664,32.44169493621657,25.838274864032165,27.259666666666664,27.386
470,30,28.072,5.8784,26.95833333333333,32.026028046365326,26.113741789829948,26.95833333333333,26.482
471,30,26.482,10.895,27.069333333333333,31.498652811041453,26.54017224455199,27.069333333333333,26.654
472,30,26.654,9.6921,27.251174278225665,31.037805590407263,27.109089124754885,27.251174278225665,26.654
473,30,29.305,4.4759,28.14857173200573,30.87297259382625,27.786991076948027,28.14857173200573,28.448
474,30,28.448,9.0461,29.474012655073984,30.64229726505307,28.50803982792082,29.474012655073984,29.305
475,30,31.338,2.8759,30.05518521621441,30.70847593343096,29.185586872252344,30.05518521621441,29.779
476,30,29.779,8.6197,30.63,30.62005960778801,29.7361742685284,30.63,30.773
477,30,30.773,6.1645,30.661666666666665,30.634608050663623,30.10237526755145,30.661666666666665,30.773
478,30,31.433,5.2072,30.507,30.71055502254772,30.263710001476973,30.507,30.773
479,30,29.315,10.801,30.696,30.57780295991953,30.23400776836213,30.696,31.34
480,30,31.34,4.6427,30.581333333333333,30.65030689388486,30.05134747764122,30.581333333333333,31.089
481,30,31.089,6.0767,31.014666666666667,30.69203754137394,29.76792033571537,31.014666666666667,31.089
482,30,30.615,7.5511,30.09318487536529,30.684709351261787,29.44238657001293,30.09318487536529,30.615
483,30,28.507,10.878,29.615333333333336,30.47755491914421,29.132308032591983,29.615333333333336,29.724
484,30,29.724,6.4588,29.32633333333333,30.40587306625863,28.884539183445604,29.32633333333333,29.724
485,30,29.748,6.9732,29.811,30.343292942162964,28.725792418947705,29.811,29.748
486,30,29.961,6.5263,29.349,30.306927355869075,28.657855226301525,29.349,29.748
487,30,28.338,10.722,29.132,30.119633294772505,28.659870357423657,29.132,29.097
488,30,29.097,7.2155,29.278333333333336,30.022355382400782,28.697147630942524,29.278333333333336,29.097
489,30,30.4,4.859,29.510666666666665,30.058278797183245,28.73444475037481,29.510666666666665,29.097
490,30,29.035,9.3886,29.553,29.96093948144507,28.750003805977222,29.553,29.224
491,30,29.224,8.3705,29.245,29.89083817077415,28.74464016286008,29.245,29.224
492,30,29.476,7.4467,29.706666666666667,29.851376722148043,28.74077572760671,29.706666666666667,29.476
493,30,30.42,5.7713,29.485666666666663,29.90546696708546,28.770631091149166,29.485666666666663,29.476
494,30,28.561,10.44,29.370666666666665,29.777574651746846,28.85824650473516,29.370666666666665,29.131
495,30,29.131,8.1875,29.161666666666665,29.71606928845003,29.00377927286246,29.161666666666665,29.131
496,30,29.793,6.7502,29.98333333333333,29.72338731638351,29.17876723245267,29.98333333333333,29.793
497,30,31.026,4.5761,30.71366666666667,29.84729824627292,29.335898030982268,30.71366666666667,31.026
498,30,31.322,5.7753,30.578333333333333,29.987579135528925,29.42763778532052,30.578333333333333,31.026
499,30,29.387,10.511,29.848000000000003,29.93044909212342,29.422190543338147,29.848000000000003,29.387
500,40,28.835,30.171,29.39433333333333,29.82624458271033,29.309624160632925,29.39433333333333,29.387
501,40,29.961,16.414,29.348666666666663,29.83906318126538,29.102312037650936,29.348666666666663,29.25
502,40,29.25,16.361,29.88733333333333,29.78302859211064,28.839788164403583,29.88733333333333,29.961
503,40,30.451,12.846,29.631,29.846569320165976,28.60088114823925,29.631,29.25
504,40,29.192,16.538,30.161,29.7843034646596,28.51192238995535,30.161,30.451
505,40,30.84,12.124,29.695,29.88472651521049,28.73331727593093,29.695,29.192
506,40,29.053,17.584,29.874,29.80560859534863,29.41633987504484,29.874,29.729
507,40,29.729,15.694,30.052729093201105,29.798321208693668,30.64285609685736,30.052729093201105,29.729
508,40,33.529,11.167,33.476194079349334,30.15320173762116,32.37777185821744,33.476194079349334,33.529
509,40,36.36,8.7406,36.15077678485527,30.74362293802902,34.46259736466397,36.15077678485527,36.36
510,40,37.65,10.145,37.80080965531042,31.4005915171617,36.65689732731696,37.80080965531042,37.65
511,40,39.609,8.3163,39.501160738620975,32.18141573361013,38.70771376878769,39.501160738620975,39.609
512,40,41.048,8.4987,40.952666666666666,33.0248488701131,40.41450949140532,40.952666666666666,41.048
513,40,42.201,7.9689,42.224,33.89772953035149,41.6649121150535,42.224,42.201
514,40,43.423,7.5844,42.854000000000006,34.8038201405438,42.43527554568658,42.854000000000006,42.938
515,40,42.938,9.6194,43.67966666666666,35.57758336498488,42.766520146625126,43.67966666666666,43.423
516,40,44.678,5.5533,43.62533333333334,36.44325978730797,42.73230192306977,43.62533333333334,43.26
517,40,43.26,9.676,43.44233333333333,37.09170166814713,42.41329741791751,43.44233333333333,43.26
518,40,42.389,10.418,42.634,37.595606758629714,41.88334175194109,42.634,42.389
519,40,42.253,9.0883,42.04166666666666,38.03864092731033,41.20630950197408,42.04166666666666,42.253
520,40,41.483,10.097,41.42233333333333,38.36628531534522,40.43966062156,41.42233333333333,41.483
521,40,40.531,10.867,40.472,38.57220363081574,39.64029747065792,40.472,40.531
522,40,39.402,11.922,39.54833333333333,38.65113794568746,38.869136544336335,39.54833333333333,39.402
523,40,38.712,12.074,39.00833333333333,38.65692744385503,38.19220179553601,39.00833333333333,38.911
524,40,38.911,10.242,38.847,38.68109607593368,37.67739229846593,38.847,38.911
525,40,38.918,10.483,38.775000000000006,38.70363154322546,37.386289757471815,38.775000000000006,38.911
526,40,38.496,11.627,38.416,38.68388060887711,37.36040302013384,38.416,38.496
527,40,37.834,12.512,38.215,38.60303578227173,37.603868531662016,38.215,38.315
528,40,38.315,10.916,38.833,38.57563640095785,38.07003989790312,38.833,38.315
529,40,40.35,7.209,39.53,38.74442259986758,38.662586477801135,39.53,39.925
530,40,39.925,10.408,40.398,38.85672493293768,39.25700531419008,40.398,40.35
531,40,40.919,8.7095,40.822,39.05289868777783,39.73695531758863,40.822,40.919
532,40,41.622,8.0973,40.79966666666667,39.297284249642416,40.02980973369896,40.79966666666667,40.919
533,40,39.858,12.624,41.026,39.35062229164394,40.12491577658824,41.026,41.598
534,40,41.598,7.6305,40.717666666666666,39.56440392079405,40.066782806087495,40.717666666666666,40.697
535,40,40.697,10.904,41.16,39.67214203445488,39.92786656264976,41.16,41.185
536,40,41.185,9.1553,40.52933333333333,39.81605253038284,39.77450352911234,40.52933333333333,40.697
537,40,39.706,12.002,40.55133333333333,39.805583792017295,39.64123832885079,40.55133333333333,40.763
538,40,40.763,8.5579,40.08533333333333,39.89665793409686,39.5241525559311,40.08533333333333,39.787
539,40,39.787,11.139,40.53766666666667,39.88622673167223,39.39524082716388,40.53766666666667,40.763
540,40,41.063,7.6118,40.446,39.99816719700124,39.22986317945488,40.446,40.488
541,40,40.488,10.306,40.01848283378969,40.04476250416607,39.03191495959496,40.01848283378969,40.488
542,40,38.471,13.693,39.43233333333333,39.895058468754016,38.841751957250985,39.43233333333333,39.338
543,40,39.338,10.03,39.42333333333333,39.84206832537967,38.72160829926912,39.42333333333333,39.338
544,40,40.461,8.0183,39.96066666666667,39.90094415263424,38.72641811904984,39.96066666666667,40.083
545,40,40.083,10.301,39.90133333333333,39.918262200909545,38.875320760068014,39.90133333333333,40.083
546,40,39.16,11.88,40.333666666666666,39.84613256821333,39.137029222165374,40.333666666666666,40.083
547,40,41.758,5.8302,40.48159129127752,40.02799880848381,39.43503668530808,40.48159129127752,39.16
548,40,38.767,13.93,40.07013643145044,39.908046395219365,39.67154682465483,40.07013643145044,40.894
549,40,40.894,7.456,40.65640799565088,40.00183515494263,39.763082800794976,40.65640799565088,40.894
550,40,41.973,7.1452,40.84966666666666,40.18934205702366,39.67547967416859,40.84966666666666,40.894
551,40,39.682,13.081,40.74033333333333,40.14108118343592,39.44305972570512,40.74033333333333,40.566
552,40,40.566,8.9531,39.75466666666667,40.18150155270622,39.160095768111056,39.75466666666667,39.682
553,40,39.016,12.679,39.90466666666666,40.07063330844621,38.944242103006346,39.90466666666666,40.132
554,40,40.132,9.0731,39.49,40.07647081019198,38.88665160810336,39.49,39.322
555,40,39.322,10.945,40.02166666666667,40.00470183324193,39.01209518375191,40.02166666666667,40.132
556,40,40.611,8.3454,40.302,40.06237589904686,39.26819457966094,40.302,40.611
557,40,40.973,8.1831,40.678666666666665,40.14899894559631,39.54828102158355,40.678666666666665,40.611
558,40,40.452,9.8038,40.71533333333333,40.17782189725405,39.73606494153582,40.71533333333333,40.721
559,40,40.721,9.5707,40.165,40.22949167189493,39.75126909948085,40.165,40.452
560,40,39.322,12.279,40.398,40.14316659741522,39.577560880445134,40.398,40.721
561,40,41.151,7.4327,40.36333333333334,40.23903667119738,39.26415848304092,40.36333333333334,40.617
562,40,40.617,9.8195,40.22166666666666,40.2749904033582,38.90332435461504,40.22166666666666,40.617
563,40,38.897,13.172,39.409,40.14390917375989,38.59339133679391,39.409,38.897
564,40,38.713,11.591,38.81333333333333,40.00779405025624,38.401458384560925,38.81333333333333,38.83
565,40,38.83,10.6,39.347,39.895756483125936,38.34145075335621,39.347,38.83
566,40,40.498,7.1572,39.21966666666667,39.953044850677024,38.3782678199925,39.21966666666667,38.83
567,40,38.331,13.396,39.61433333333334,39.79874796082047,38.45584773476389,39.61433333333334,40.014
568,40,40.014,8.473,39.71366666666666,39.81922379425185,38.53292788922953,39.71366666666666,40.014
569,40,40.796,7.736,39.809333333333335,39.91213955460824,38.60517691758488,39.809333333333335,40.014
570,40,38.618,13.492,39.527,39.7890346304546,38.70033292038252,39.527,39.167
571,40,39.167,10.901,38.98633333333333,39.729863634768414,38.84977297489942,38.98633333333333,39.167
572,40,39.174,10.9,39.841,39.67698714988372,39.05590334701586,39.841,39.174
573,40,41.182,6.7138,40.36266666666666,39.82015137981864,39.27881429576852,40.36266666666666,40.732
574,40,40.732,9.2824,40.84966666666667,39.90689090866413,39.45301907745476,40.84966666666667,40.732
575,40,40.635,10.1,40.38,39.97615222916492,39.52409195638164,40.38,40.635
576,40,39.773,11.479,40.379,39.95682738921707,39.48149961507825,40.379,40.635
577,40,40.729,8.3726,40.237,40.0302802485671,39.367055047654055,40.237,40.209
578,40,40.209,10.636,40.234,40.047280950977104,39.25396342456468,40.234,40.209
579,40,39.764,11.091,39.98500000000001,40.02033387261911,39.20821985870638,39.98500000000001,39.982
580,40,39.982,10.072,39.94833333333333,40.01668736597731,39.25343915046816,39.94833333333333,39.982
581,40,40.099,9.5119,40.00333333333333,40.02451734886607,39.35859659956538,40.00333333333333,39.982
582,40,39.929,10.032,40.38233333333333,40.015431268508166,39.45635960450706,40.38233333333333,40.099
583,40,41.119,7.6542,40.94433333333333,40.120408157982624,39.48264061531337,40.94433333333333,41.119
584,40,41.785,7.7168,40.897,40.27875232707059,39.414484378249455,40.897,41.119
585,40,39.787,12.414,39.98443024279921,40.23197442532821,39.28244419207602,39.98443024279921,39.787
586,40,38.625,13.172,39.552666666666674,40.07911110850705,39.14855269048608,39.552666666666674,39.787
587,40,40.246,8.2561,39.24933333333334,40.0949864012884,39.06427303426199,39.24933333333334,38.877
588,40,38.877,12.257,40.04366666666667,39.97912553990226,39.03784913747449,40.04366666666667,40.246
589,40,41.008,6.752,40.13466666666667,40.07699714263856,39.03441468105083,40.13466666666667,40.519
590,40,40.519,9.6485,40.749,40.11904262995669,39.00851207456034,40.749,40.72
591,40,40.72,8.9548,40.04233333333334,40.17620865289086,38.94496549096105,40.04233333333334,40.519
592,40,38.888,12.906,39.52966666666666,40.05366790530031,38.87789935274743,39.52966666666666,38.981
593,40,38.981,11.344,39.431666666666665,39.95163045450621,38.87339828343758,39.431666666666665,38.981
594,40,40.426,8.2032,39.734,39.99675482050744,38.98695114650934,39.734,39.795
595,40,39.795,10.413,40.115,39.977562908949096,39.2236622407959,40.115,40.124
596,40,40.124,9.8036,40.41033333333333,39.9914927258092,39.52659306215597,40.41033333333333,40.124
597,40,41.312,7.1239,40.904,40.11710587723072,39.80057993094061,40.904,41.276
598,40,41.276,8.711,41.13133333333333,40.22734559023354,39.95792334891627,41.13133333333333,41.276
599,40,40.806,9.9472,41.12333333333333,40.28239004581162,39.96012582825311,41.12333333333333,41.276
600,40,41.288,8.8722,40.61866666666666,40.37804861423856,39.83257619127509,40.61866666666666,40.806
601,40,39.762,12.251,40.02633333333333,40.31944703787784,39.6452170130216,40.02633333333333,39.762
602,40,39.029,11.986,40.117666666666665,40.19669336409007,39.47234871859531,40.117666666666665,39.762
603,40,41.562,5.6981,40.385333333333335,40.32656805129954,39.35624061989188,40.385333333333335,40.565
604,40,40.565,10.091,40.55266666666666,40.34924887181542,39.294594138433496,40.55266666666666,40.565
605,40,39.531,11.452,40.264,40.27141301172989,39.25487107621125,40.264,40.565
606,40,40.696,7.9684,40.02666666666667,40.31180181585962,39.20191419370411,40.02666666666667,39.853
607,40,39.853,10.648,40.17666666666667,40.26815832892513,39.12002377547027,40.17666666666667,39.981
608,40,39.981,9.7039,39.811,40.24084241529238,39.01734903215343,39.811,39.853
609,40,39.599,10.853,39.882666666666665,40.17978720561904,38.91260195075484,39.882666666666665,39.981
610,40,40.068,9.5641,39.24766666666667,40.16915345640701,38.81472488062752,39.24766666666667,39.599
611,40,38.076,13.325,39.56666666666667,39.970042397189815,38.710241934874375,39.56666666666667,40.068
612,40,40.556,6.6766,39.79587666966492,40.02578156843633,38.56835970911217,39.79587666966492,40.505
613,40,40.505,9.0384,39.75414110499708,40.07136718434661,38.36239204732056,39.75414110499708,40.505
614,40,38.2,13.941,38.88084430578487,39.89335352695374,38.09447439765223,38.88084430578487,38.2
615,40,38.041,12.258,38.35833333333333,39.71714854223677,37.80741163295461,38.35833333333333,38.2
616,40,38.834,9.7535,38.36866666666666,39.633139106066366,37.57581519094756,38.36866666666666,38.231
617,40,38.231,11.728,38.454,39.49976073300721,37.48132333783005,38.454,38.297
618,40,38.297,11.226,38.898,39.38534821212831,37.5837882406204,38.898,38.297
619,40,40.166,7.7222,38.84433333333333,39.459607652537294,37.89929859811918,38.84433333333333,38.297
620,40,38.07,13.296,39.27733333333333,39.32742133301729,38.39117666165214,39.27733333333333,39.596
621,40,39.596,8.7298,39.60609611113284,39.3529698577575,38.97600290250976,39.60609611113284,39.596
622,40,41.162,7.204,40.457,39.52505370888423,39.543816028280375,40.457,40.613
623,40,40.613,10.288,40.949000000000005,39.62854451493689,39.98794851425356,40.949000000000005,41.072
624,40,41.072,9.0152,41.08766666666667,39.765853105324304,40.23531056145938,41.08766666666667,41.072
625,40,41.578,8.5437,41.412,39.938233437283046,40.26579007669668,41.412,41.578
626,40,41.586,9.0541,40.82,40.0949771029904,40.112896122667145,40.82,41.578
627,40,39.296,13.612,40.42933333333334,40.01897446841062,39.84584003196874,40.42933333333334,40.406
628,40,40.406,9.4632,40.39566666666666,40.055790241904425,39.54183028560711,40.39566666666666,40.406
629,40,41.485,7.2603,40.594,40.19174370862561,39.26140275413335,40.594,40.406
630,40,39.891,11.456,40.144,40.16313548680888,39.03608913242,40.144,39.891
631,40,39.056,12.159,39.314,40.0578193100132,38.869708325203234,39.314,39.056
632,40,38.995,10.962,39.684666666666665,39.95671870607732,38.74891516606132,39.684666666666665,39.056
633,40,41.003,6.4106,39.579,40.056246132523,38.65758968206772,39.579,38.995
634,40,38.739,13.1,39.81166666666666,39.93094319694816,38.58965476577861,39.81166666666666,39.693
635,40,39.693,9.8069,39.57033333333333,39.90830886890458,38.554568078468165,39.57033333333333,39.693
636,40,40.279,8.9053,39.54166666666666,39.94357083382594,38.57207782114796,39.54166666666666,39.693
637,40,38.653,12.714,39.13366666666667,39.82080538395826,38.65892501498874,39.13366666666667,38.653
638,40,38.469,11.943,39.32809700636382,39.69221500228722,38.81615269711234,39.32809700636382,38.653
639,40,40.905,6.6005,40.418029759239296,39.80758108056407,39.0263541111295,40.418029759239296,40.905
640,40,41.376,7.9472,40.97466666666667,39.956776807895615,39.263232954491,40.97466666666667,40.905
641,40,40.643,10.044,40.39766666666667,40.022053735500265,39.505354844435054,40.39766666666667,40.643
642,40,39.174,13.08,40.16866666666667,39.94138269008232,39.74179437458418,40.16866666666667,40.643
643,40,40.689,8.1764,40.47966666666667,40.012499728353525,39.9651093691877,40.47966666666667,40.689
644,40,41.576,7.3524,41.42666666666667,40.161227569697886,40.1593643684548,41.42666666666667,41.576
645,40,42.015,7.9743,41.45633333333333,40.33756752748516,40.295150929355394,41.45633333333333,41.576
646,40,40.778,11.241,41.047666666666665,40.379463632067285,40.33687936387015,41.047666666666665,40.778
647,40,40.35,10.435,40.726,40.376660906365856,40.25850984441136,40.726,40.778
648,40,41.05,8.3022,40.864333333333335,40.44071223510884,40.05980395625264,40.864333333333335,41.05
649,40,41.193,8.6144,41.001,40.51227355004498,39.77528257481962,41.001,41.05
650,30,40.76,0.0,40.72,40.53583850926748,39.46912476974228,40.72,40.76
651,30,40.207,0.47828,40.16866666666667,40.504557771731854,39.21254601469438,40.16866666666667,40.207
652,30,39.539,3.438,39.28033333333334,40.41270916403592,39.04864704865575,39.28033333333334,39.539
653,30,38.095,5.9804,39.42775328828076,40.19223726065204,38.96045456277047,39.42775328828076,39.539
654,30,40.852,0.0,39.59877687332297,40.25499713975288,38.86192556286503,39.59877687332297,39.642
655,30,39.642,1.8734,40.089,40.19668583466452,38.62223705546912,40.089,39.773
656,30,39.773,1.9105,39.04,40.156382752701205,38.11453838134482,39.04,39.642
657,30,37.705,5.7789,37.91157768723663,39.92319515962576,37.26511212906164,37.91157768723663,37.705
658,30,36.55,4.3116,36.40994264524389,39.60232023326834,36.07932045649754,36.40994264524389,36.55
659,30,34.951,5.5758,35.11887159932817,39.15986375900956,34.63572232438008,35.11887159932817,34.951
660,30,33.861,5.7596,33.74766666666667,38.65580975739085,33.05722464229012,33.74766666666667,33.861
661,30,32.431,7.0778,32.499,38.06367521492536,31.47640851353244,32.499,32.431
662,30,31.205,7.1067,31.130666666666663,37.41124427027084,30.008678648470564,31.130666666666663,31.205
663,30,29.756,8.1567,29.678029672905414,36.68303975638087,28.737668215312464,29.678029672905414,29.756
664,30,27.967,9.8471,28.197790260975346,35.8539271546459,27.71045065649196,28.197790260975346,27.967
665,30,26.95,10.299,27.488,35.00694177881135,26.93916000251039,27.488,27.547
666,30,27.547,7.4295,27.487333333333336,34.2973153991825,26.40792329356608,27.487333333333336,27.547
667,30,27.965,6.9125,27.045,33.69495439092998,26.084539748944227,27.045,27.547
668,30,25.623,12.314,26.491,32.92711035932715,25.93393656048924,26.491,25.885
669,30,25.885,9.8924,26.34466666666667,32.25723016087439,25.92892086029197,26.34466666666667,25.885
670,30,27.526,6.393,26.922666666666668,31.80717226098725,26.055667108330304,26.922666666666668,27.357
671,30,27.357,8.6131,27.30333333333333,31.383849971896645,26.313796175046715,27.30333333333333,27.357
672,30,27.027,9.7738,27.58066666666667,30.96940495827407,26.71083242424584,27.58066666666667,27.357
673,30,28.358,7.0295,27.83366666666667,30.72099526537964,27.250673317415053,27.83366666666667,28.116
674,30,28.116,8.6218,28.493333333333336,30.473195294021657,27.918758203509324,28.493333333333336,28.358
675,30,29.006,6.8457,29.18466666666667,30.33362845615942,28.670931995198902,29.18466666666667,29.006
676,30,30.432,5.4368,30.16933333333333,30.34298604159157,29.433670921209675,30.16933333333333,30.432
677,30,31.07,5.7833,30.81266666666666,30.41214318765809,30.11835174325129,30.81266666666666,30.936
678,30,30.936,6.7485,31.358666666666664,30.46197502605688,30.64442631082529,31.358666666666664,31.07
679,30,32.07,4.677,31.634,30.61493827623305,30.961065192101323,31.634,31.896
680,30,31.896,6.3323,31.671000000000003,30.73679917274835,31.057632519655865,31.671000000000003,31.896
681,30,31.047,7.9653,31.373666666666665,30.766307002236463,30.959471812105075,31.373666666666665,31.178
682,30,31.178,6.9247,31.200333333333333,30.80546926652535,30.71308809267447,31.200333333333333,31.178
683,30,31.376,6.0854,31.19533333333333,30.85974095803004,30.369513634622564,31.19533333333333,31.178
684,30,31.032,6.7187,30.75466666666667,30.87612708595649,29.973639955538392,30.75466666666667,31.032
685,30,29.856,8.8299,30.25666666666667,30.77908757650285,29.561760110816024,30.25666666666667,29.882
686,30,29.882,7.5239,29.662000000000003,30.69375219078551,29.164225776865138,29.662000000000003,29.856
687,30,29.248,8.241,29.607,30.55622512644546,28.80856333371669,29.607,29.691
688,30,29.691,6.7562,29.36566666666667,30.473920653803688,28.519948596709582,29.36566666666667,29.248
689,30,29.158,8.3082,29.05633333333334,30.34874380428861,28.318212352589807,29.05633333333334,29.158
690,30,28.32,9.5801,28.874333333333336,30.15575970820345,28.21273321676785,28.874333333333336,29.145
691,30,29.145,6.8705,28.519,30.05961126982765,28.19873525566119,28.519,28.32
692,30,28.092,9.6733,28.963333333333328,29.87244240131308,28.25924859322226,28.963333333333328,29.145
693,30,29.653,5.8453,29.01433333333333,29.85156796001071,28.374206203118373,29.01433333333333,29.298
694,30,29.298,7.9522,29.899666666666665,29.79890985100821,28.53229849236895,29.899666666666665,29.653
695,30,30.748,5.0712,29.534666666666663,29.889191977375926,28.73656777447648,29.534666666666663,29.298
696,30,28.558,10.881,29.532666666666668,29.762562444397616,28.99655437282824,29.532666666666668,29.292
697,30,29.292,7.6803,29.382,29.717800228591106,29.30924700598179,29.382,29.292
698,30,30.296,6.0799,30.13433333333333,29.77280143673089,29.641879888584647,30.13433333333333,30.296
699,30,30.815,5.8858,30.903,29.871940493741725,29.93168334823541,30.903,30.815
700,30,31.598,5.314,31.00433333333333,30.03613176959444,30.107065408663743,31.00433333333333,30.815
701,30,30.6,8.0203,31.09133333333333,30.089769691014546,30.119125955691523,31.09133333333333,31.076
702,30,31.076,6.3912,30.49066666666667,30.1835847722037,29.9645762316944,30.49066666666667,30.6
703,30,29.796,9.0034,30.112333333333336,30.14671580099009,29.686907651058632,30.112333333333336,29.796
704,30,29.465,8.9428,29.475666666666665,30.08186763861349,29.35690575484024,29.475666666666665,29.465
705,30,29.166,8.6255,29.944,29.99474580095324,29.0456486065222,29.944,29.465
706,30,31.201,3.7855,29.752,30.10949063751657,28.80485683812189,29.752,29.166
707,30,28.889,10.339,29.944000000000003,29.99339156085464,28.66093436408332,29.944000000000003,29.742
708,30,29.742,6.7437,28.831,29.96947795824379,28.61849544100556,28.831,28.889
709,30,27.862,11.213,29.320596803401173,29.76900428190708,28.66570200171118,29.320596803401173,29.742
710,30,30.533,3.8995,29.07696847723733,29.84167931497799,28.778222876572208,29.07696847723733,28.702
711,30,28.702,10.072,29.988333333333333,29.733267409067032,28.92386199023288,29.988333333333333,30.533
712,30,30.73,4.8171,29.566000000000003,29.828081519006982,29.069903436362704,29.566000000000003,29.266
713,30,29.266,9.5946,30.24333333333333,29.774613558369257,29.19132921568628,30.24333333333333,30.73
714,30,30.734,5.072,29.99466666666667,29.86587511877086,29.27546537033268,29.99466666666667,29.984
715,30,29.984,8.4061,29.81233333333334,29.877111738880792,29.320209442426744,29.81233333333334,29.984
716,30,28.719,10.281,29.671333333333337,29.76694645008432,29.32764851289155,29.671333333333337,29.984
717,30,30.311,6.0417,29.857,29.818699501568908,29.29890202591922,29.857,30.311
718,30,30.541,6.1061,30.334000000000003,29.887408280122862,29.23539853836835,30.334000000000003,30.311
719,30,30.15,7.9407,29.77933333333333,29.912387296986804,29.145775452530888,29.77933333333333,30.15
720,30,28.647,10.317,29.96633333333333,29.79201742909593,29.05122598077489,29.96633333333333,30.15
721,30,31.102,4.1807,29.653875281921174,29.916629418938523,28.9819761167373,29.653875281921174,28.647
722,30,28.562,10.958,29.80733333333333,29.787770401160337,28.96419791281348,29.80733333333333,29.758
723,30,29.758,6.7936,29.378666666666664,29.78493849407287,29.00438835173796,29.378666666666664,29.758
724,30,29.816,7.5479,29.71,29.787893217400534,29.081496085472608,29.71,29.758
725,30,29.556,8.1038,29.99266666666667,29.765834393189355,29.15382969530776,29.99266666666667,29.816
726,30,30.606,5.5696,29.894666666666662,29.8457550809812,29.179487966705523,29.894666666666662,29.556
727,30,29.522,9.0809,30.009666666666664,29.81495790416466,29.1404213101573,30.009666666666664,29.901
728,30,29.901,7.6947,29.344000000000005,29.82314265181735,29.056952185112827,29.344000000000005,29.522
729,30,28.609,10.014,29.74766666666667,29.70764742679973,28.98401519015981,29.74766666666667,29.901
730,30,30.733,4.9107,29.875666666666664,29.80518401031972,28.989530923365308,29.875666666666664,30.285
731,30,30.285,7.34,30.161666666666665,29.85082646889921,29.123495162891537,30.161666666666665,30.285
732,30,29.467,9.108,29.709,29.8143150059942,29.390157717762207,29.709,29.467
733,30,29.375,8.5661,30.138666666666666,29.77252520032765,29.73555294615744,30.138666666666666,29.467
734,30,31.574,3.4328,30.790666666666667,29.943890350081915,30.05895624582989,30.790666666666667,31.423
735,30,31.423,6.1781,31.141,30.08459054011915,30.24792156963924,31.141,31.423
736,30,30.426,8.6882,30.741666666666664,30.117067088351,30.22410797138152,30.741666666666664,30.426
737,30,30.376,7.9914,30.68933333333333,30.14169806136772,29.979067018403786,30.68933333333333,30.426
738,30,31.266,5.4085,30.30733333333333,30.24864719555365,29.58227871467558,30.30733333333333,30.376
739,30,29.28,10.382,30.01533333333333,30.156504706657724,29.156261885803566,30.01533333333333,29.5
740,30,29.5,8.3083,29.41033333333333,30.094054747662327,28.82847618597085,29.41033333333333,29.451
741,30,29.451,8.1972,29.302666666666667,30.0328842149669,28.680636933342644,29.302666666666667,29.451
742,30,28.957,8.4673,29.33966666666667,29.93054081296672,28.71843712272172,29.33966666666667,29.451
743,30,29.611,6.7263,29.33933333333333,29.90014451806623,28.87632385222651,29.33933333333333,29.45
744,30,29.45,7.8921,30.056,29.85732455590883,29.055632225279872,30.056,29.611
745,30,31.107,4.6181,29.97066666666667,29.97619983501896,29.177548232192915,29.97066666666667,29.45
746,30,29.355,9.6195,30.075000000000003,29.91710824918345,29.223767412807785,30.075000000000003,29.763
747,30,29.763,7.8855,29.897666666666662,29.90244871400456,29.24299017860364,29.897666666666662,29.763
748,30,30.575,6.1775,30.058000000000003,29.96642510260737,29.31911713387625,30.058000000000003,29.836
749,30,29.836,8.6321,29.917666666666666,29.9540184248986,29.517853784043417,29.917666666666666,29.836
750,30,29.342,9.1146,30.213666666666665,29.89580021998438,29.840752812542185,30.213666666666665,29.836
751,30,31.463,3.8765,30.852666666666664,30.044879976773693,30.21278013666885,30.852666666666664,31.463
752,30,31.753,5.3275,31.531333333333333,30.207364760702767,30.512146327784468,31.531333333333333,31.463
753,30,31.378,6.6433,31.57166666666667,30.31872134649917,30.62764246495588,31.57166666666667,31.584
754,30,31.584,6.3923,31.396666666666665,30.43908087968692,30.51248193001325,31.396666666666665,31.378
755,30,31.228,7.1999,30.645,30.51412674944932,30.205415031293576,30.645,31.228
756,30,29.123,10.905,30.268,30.381795925954087,29.808951661866253,30.268,30.453
757,30,30.453,6.0979,29.569333333333333,30.388569207941828,29.4389265320277,29.569333333333333,29.132
758,30,29.132,9.688,30.124666666666663,30.269038160083312,29.174497572627374,30.124666666666663,30.453
759,30,30.789,4.5899,29.84566666666667,30.318499489534062,29.03446262066828,29.84566666666667,29.616
760,30,29.616,8.4264,30.26533333333333,30.25167428040641,28.98770491994126,30.26533333333333,30.391
761,30,30.391,6.0952,29.469,30.26492762861152,28.985346031879946,29.469,29.616
762,30,28.4,10.761,29.65033333333333,30.08752653345548,28.992641285934926,29.65033333333333,30.16
763,30,30.16,5.4252,29.48133333333333,30.0944205663056,29.00369126870837,29.48133333333333,29.884
764,30,29.884,7.6994,29.68166666666667,30.07440432635437,29.03531672296781,29.68166666666667,29.884
765,30,29.001,9.1672,29.89766666666667,29.972296823564964,29.10814128889173,29.89766666666667,29.884
766,30,30.808,4.9954,29.781333333333333,30.05179302301552,29.22747837097933,29.781333333333333,29.535
767,30,29.535,8.7353,30.450333333333333,30.00263312702524,29.37423374939175,30.450333333333333,30.808
768,30,31.008,5.1354,29.938666666666663,30.0982685723707,29.50964555649023,29.938666666666663,29.535
769,30,29.273,9.7769,30.212,30.01976496381757,29.59085056391929,30.212,30.355
770,30,30.355,6.5652,30.014333333333337,30.05165417047688,29.589975470926,30.014333333333337,30.355
771,30,30.415,6.6181,30.56266666666666,30.0862174141593,29.508452097364632,30.56266666666666,30.415
772,30,30.918,6.0443,30.275666666666663,30.165340667735485,29.379579906589417,30.275666666666663,30.415
773,30,29.494,9.6505,29.70733333333333,30.10147943910017,29.2560291654279,29.70733333333333,29.494
774,30,28.71,9.6305,29.584333333333333,29.96911506602943,29.185832773876225,29.584333333333333,29.494
775,30,30.549,4.9382,29.788,30.02427657512641,29.188055310613848,29.788,30.105
776,30,30.105,7.1485,30.506666666666664,30.031955384618865,29.24144142223743,30.506666666666664,30.549
777,30,30.866,5.9111,29.786666666666665,30.111293813578584,29.292552790467766,29.786666666666665,30.105
778,30,28.389,11.631,29.796,29.947460748948195,29.27920788217672,29.796,30.133
779,30,30.133,5.6266,29.622,29.96511015572733,29.15852712863648,29.622,30.133
780,30,30.344,6.2403,29.90533333333333,30.001152022599943,28.92869542945104,29.90533333333333,30.133
781,30,29.239,9.4874,29.46066666666667,29.92865237091894,28.636279053832897,29.46066666666667,29.239
782,30,28.799,9.4721,28.90233333333333,29.821194277279226,28.364986610381088,28.90233333333333,28.799
783,30,28.669,8.5945,28.932666666666663,29.71159188655587,28.208438107516624,28.932666666666663,28.799
784,30,29.33,6.9631,28.70233333333333,29.6752929881219,28.237209795569743,28.70233333333333,28.669
785,30,28.108,9.9988,29.352,29.52620436491875,28.47387759530436,29.352,29.33
786,30,30.618,4.4387,29.59133333333333,29.630061339515777,28.885946755161864,29.59133333333333,30.048
787,30,30.048,7.462,30.388666666666666,29.66981772198363,29.397760221958,30.388666666666666,30.5
788,30,30.5,6.437,30.509,29.74878874640289,29.914052781428342,30.509,30.5
789,30,30.979,6.2578,30.858,29.86581249591101,30.34451154297821,30.858,30.979
790,30,31.095,6.8242,31.006,29.982738861327057,30.6216066964823,31.006,30.979
791,30,30.944,7.3339,31.252333333333336,30.07417875213852,30.709609755198905,31.252333333333336,31.095
792,30,31.718,5.4579,31.543333333333333,30.23054712007809,30.60638986414342,31.543333333333333,31.718
793,30,31.968,5.8254,31.333,30.395822189711563,30.33956334535303,31.333,31.718
794,30,30.313,9.1801,30.49713311655155,30.387943735377657,29.957230505264352,30.49713311655155,30.313
795,30,29.236,9.9589,29.772666666666662,30.278365177433145,29.51457454955672,29.772666666666662,29.769
796,30,29.769,7.1557,29.484333333333336,30.229911854674302,29.06128732476209,29.484333333333336,29.448
797,30,29.448,7.8392,29.79133333333333,30.15553255050904,28.636283188733763,29.79133333333333,29.769
798,30,30.157,6.1599,29.33533333333333,30.15567214152736,28.271349230596304,29.33533333333333,29.448
799,30,28.401,10.52,28.79133333333333,29.988759090977243,27.99771176703114,28.79133333333333,28.401
800,30,27.816,9.8927,28.001,29.782075551982985,27.847210383163176,28.001,27.816
801,30,27.786,9.0138,28.22066666666667,29.59219902084938,27.845803506826563,28.22066666666667,27.816
802,30,29.06,6.4815,29.032666666666668,29.54157363051724,28.00491527020365,29.032666666666668,29.06
803,30,30.252,5.5663,29.39833333333333,29.6091528834815,28.3171525988339,29.39833333333333,29.06
804,30,28.883,9.7618,29.536999999999995,29.54007764710021,28.75697925124632,29.536999999999995,29.476
805,30,29.476,7.6001,29.798666666666666,29.533982265919622,29.28210081928921,29.798666666666666,29.476
806,30,31.037,4.5656,30.38733333333333,29.67695671059731,29.833377886589176,30.38733333333333,30.649
807,30,30.649,7.5474,31.00433333333333,29.76942225265564,30.336636633193454,31.00433333333333,31.037
808,30,31.327,6.2789,31.417,29.91758671433788,30.71169960482172,31.417,31.327
809,30,32.275,4.8836,31.331333333333333,30.14183546919343,30.89019347745062,31.331333333333333,31.327
810,30,30.392,9.5053,31.402,30.16563235066669,30.8375556476908,31.402,31.539
811,30,31.539,5.3362,31.212333333333333,30.296273841149088,30.57025149284025,31.212333333333333,31.539
812,30,31.706,6.0735,31.30366666666667,30.43037393201238,30.15864726099289,31.30366666666667,31.539
813,30,30.666,8.4468,30.45280537178279,30.45278784334439,29.70970962855119,30.45280537178279,30.666
814,30,28.932,10.501,29.888,30.30812301840952,29.33165125927615,29.888,30.066
815,30,30.066,6.2945,29.56866666666666,30.28509108517557,29.09304339899904,29.56866666666666,29.708
816,30,29.708,7.564,29.640666666666664,30.230195340727214,28.995827806485675,29.640666666666664,29.708
817,30,29.148,8.4092,29.510666666666665,30.12725159338153,28.978155418508805,29.510666666666665,29.676
818,30,29.676,7.2085,29.582,30.084326320771144,28.94881254504492,29.582,29.676
819,30,29.922,6.6924,29.93466666666667,30.068885042173704,28.83792397900444,29.93466666666667,29.922
820,30,30.206,6.4921,29.57333333333333,30.0819280918382,28.63823579097343,29.57333333333333,29.922
821,30,28.592,10.557,29.166666666666668,29.940198798357443,28.41387933278925,29.166666666666668,28.702
822,30,28.702,9.0723,28.590666666666664,29.822415234277244,28.269614398799263,28.590666666666664,28.592
823,30,28.478,8.8789,28.567000000000004,29.694527840017976,28.2956494956936,28.567000000000004,28.521
824,30,28.521,8.5637,29.150094236228043,29.582896095803704,28.51789160881085,29.150094236228043,28.521
825,30,31.31,2.8675,29.954576754075067,29.747186719928784,28.880708260404543,29.954576754075067,29.693
826,30,29.693,9.0467,30.043000000000003,29.742032212423613,29.27053467276176,30.043000000000003,29.693
827,30,29.126,9.2616,29.96633333333333,29.68343219628427,29.56650745230224,29.96633333333333,29.693
828,30,31.08,4.3213,30.44366666666667,29.81628059964204,29.69222202399844,30.44366666666667,31.08
829,30,31.125,6.3902,30.584,29.94077243048499,29.64490288134533,30.584,31.08
830,30,29.547,10.186,30.087333333333333,29.903314858760183,29.490138663665043,30.087333333333333,29.59
831,30,29.59,8.5644,29.70733333333333,29.873510807267795,29.326045960964453,29.70733333333333,29.59
832,30,29.985,7.332,29.722,29.884116208027223,29.235114354638533,29.722,29.591
833,30,29.591,7.7931,30.046666666666667,29.85623355160976,29.24804551681341,30.046666666666667,29.985
834,30,30.564,5.9895,30.221,29.92355977978764,29.33676225675953,30.221,30.508
835,30,30.508,7.2149,30.453333333333333,29.97915461013293,29.437165658250763,30.453333333333333,30.508
836,30,30.288,7.2813,30.109333333333336,30.008533503745603,29.486671103364856,30.109333333333336,30.288
837,30,29.532,8.7102,29.85,29.96320329138452,29.456174656483444,29.85,29.73
838,30,29.73,7.9234,29.724666666666668,29.94101984648784,29.362482581905823,29.724666666666668,29.73
839,30,29.912,7.4934,30.114666666666665,29.938259335855022,29.259210735852825,30.114666666666665,29.912
840,30,30.702,6.0509,30.267333333333337,30.010910106939043,29.21334961285223,30.267333333333337,30.188
841,30,30.188,7.8749,29.963,30.027755769198585,29.277499004929105,29.963,30.188
842,30,28.999,9.77,29.938,29.929895456924807,29.46683669279764,29.938,30.188
843,30,30.627,5.3243,30.412666666666667,29.996207472191514,29.74856224123056,30.412666666666667,30.627
844,30,31.612,4.6464,31.027666666666665,30.14990961032305,30.048979695067885,31.027666666666665,30.844
845,30,30.844,7.6664,30.81833333333333,30.215934904482936,30.277242749819205,30.81833333333333,30.844
846,30,29.999,8.9304,30.715333333333334,30.195298988620884,30.35730887625428,30.715333333333334,30.844
847,30,31.303,5.1931,30.749666666666663,30.300668960897188,30.256078156582777,30.749666666666663,30.947
848,30,30.947,6.8034,31.07933333333333,30.36215115056025,29.99736894386003,31.07933333333333,30.988
849,30,30.988,6.8194,30.68233333333333,30.42168497352979,29.65558634764516,30.68233333333333,30.947
850,30,30.112,8.8162,29.91133333333333,30.39222621458671,29.32882054090855,29.91133333333333,30.112
851,30,28.634,10.494,29.413,30.22497508311414,29.099798033393533,29.413,29.493
852,30,29.493,6.7314,29.361666666666665,30.15534601044709,29.00176735858192,29.361666666666665,29.493
853,30,29.958,6.4598,29.890666666666664,30.136573486601726,29.007471898131207,29.890666666666664,29.958
854,30,30.221,6.7663,30.012,30.144604552101143,29.04834082581393,30.012,29.958
855,30,29.857,7.6485,30.078666666666667,30.117246191523588,29.05347566055497,30.078666666666667,30.158
856,30,30.158,6.8238,29.56566666666667,30.121122894374988,28.98632425096019,29.56566666666667,29.857
857,30,28.682,10.064,29.25633333333333,29.984226441338723,28.85952467584551,29.25633333333333,28.929
858,30,28.929,8.4316,29.10033333333333,29.88384810844305,28.722777625926383,29.10033333333333,28.929
859,30,29.69,7.0587,29.351333333333333,29.86540832225289,28.63420745565545,29.351333333333333,29.435
860,30,29.435,7.9611,29.811,29.824465764182268,28.6323802556196,29.811,29.69
861,30,30.308,5.9629,29.455,29.870461920635464,28.72164590034557,29.455,29.435
862,30,28.622,10.363,29.355666666666668,29.751702077849373,28.87386451039619,29.355666666666668,29.137
863,30,29.137,7.9246,29.320666666666668,29.69322859065761,29.0425033834222,29.320666666666668,29.137
864,30,30.203,5.8219,30.171333333333337,29.741720556195123,29.18254510496437,30.171333333333337,30.203
865,30,31.174,5.2671,30.329666666666665,29.877966026529883,29.268641826744243,30.329666666666665,30.203
866,30,29.612,9.6382,29.94966666666667,29.85266602900889,29.30338268569725,29.94966666666667,29.612
867,30,29.063,9.4123,29.750333333333334,29.777549109615084,29.31083489343585,29.750333333333334,29.612
868,30,30.576,5.4861,29.39133333333333,29.853501688261822,29.319109829665344,29.39133333333333,29.063
869,30,28.535,10.748,29.721855535622787,29.728079318045307,29.343522479037485,29.721855535622787,30.576
870,30,31.776,2.8009,30.68592792781993,29.922887613122125,29.38108748871604,30.68592792781993,30.265
871,30,30.265,8.6147,30.779,29.95543102722971,29.417588468699982,30.779,30.296
872,30,30.296,7.4458,29.97266666666667,29.98782762419074,29.438743482059586,29.97266666666667,30.265
873,30,29.357,9.0443,29.71033333333333,29.927820195661496,29.435807905521106,29.71033333333333,29.478
874,30,29.478,8.2298,29.567,29.88503108464754,29.40384962444561,29.567,29.478
875,30,29.866,7.375,30.17833333333333,29.88322075420539,29.33938325565124,30.17833333333333,29.866
876,30,31.191,4.6737,30.195000000000004,30.00762315291886,29.244029905947148,30.195000000000004,29.866
877,30,29.528,9.9192,30.30733333333333,29.96199903792125,29.13251366992156,30.30733333333333,30.203
878,30,30.203,6.5101,29.47233333333333,29.98492423563429,29.035826819349698,29.47233333333333,29.528
879,30,28.686,10.423,29.621666666666663,29.861364169071383,28.992177066820528,29.621666666666663,29.976
880,30,29.976,6.346,29.528666666666663,29.87226889354372,29.028201710950373,29.528666666666663,29.924
881,30,29.924,7.4728,29.742,29.877189811008925,29.141876916952977,29.742,29.924
882,30,29.326,8.8559,30.138,29.82475792324466,29.298979194202328,30.138,29.924
883,30,31.164,4.5165,30.26,29.952153221298307,29.44694436617924,30.26,30.29
884,30,30.29,7.6353,30.11966666666667,29.98429086976097,29.539513918694023,30.11966666666667,30.29
885,30,28.905,10.67,30.075,29.88162340998932,29.559306977718528,30.075,30.29
886,30,31.03,4.4506,30.253666666666664,29.990862643509136,29.526661882042813,30.253666666666664,30.826
887,30,30.826,6.9837,30.542666666666666,30.070305019381653,29.48996739405836,30.542666666666666,30.826
888,30,29.772,9.0497,30.241,30.04192877768897,29.500835242315823,30.241,30.125
889,30,30.125,7.3349,29.98633333333333,30.049830921229464,29.58428068224409,29.98633333333333,30.062
890,30,30.062,7.6999,30.139333333333337,30.05098850389799,29.718404959930524,30.139333333333337,30.125
891,30,30.231,6.9556,30.33866666666667,30.068112083418846,29.83671297157572,30.33866666666667,30.231
892,30,30.723,6.1929,30.877333333333336,30.130408245384363,29.85637148244128,30.877333333333336,30.723
893,30,31.678,5.2514,30.534,30.277622790287467,29.720824296352465,30.534,30.723
894,30,29.201,10.791,30.235000000000003,30.175209131367552,29.43453973604291,30.235000000000003,29.826
895,30,29.826,7.434,29.61133333333333,30.141990639994127,29.06960148562852,29.61133333333333,29.807
896,30,29.807,7.739,29.461666666666662,30.11012468150317,28.73851701246445,29.461666666666662,29.807
897,30,28.752,9.7427,29.163666666666668,29.980933177146245,28.54604618449331,29.163666666666668,28.932
898,30,28.932,8.3773,28.97433333333333,29.88115349051584,28.54404409272392,28.97433333333333,28.932
899,30,29.239,7.5596,29.379,29.820068689836148,28.71177402657548,29.379,29.239
900,30,29.966,6.1862,29.892,29.83395039432883,28.97112620278019,29.892,29.966
901,30,30.471,6.0007,30.086,29.894549688360915,29.227919399838573,30.086,29.966
902,30,29.821,8.6374,30.435666666666663,29.88755327999448,29.41655941510735,30.435666666666663,30.471
903,30,31.015,5.4943,30.09166666666667,29.994801561263163,29.5242121775364,30.09166666666667,29.821
904,30,29.439,9.8162,29.98033333333333,29.94193098111581,29.58342210987144,29.98033333333333,29.487
905,30,29.487,8.595,29.71066666666667,29.89865570703429,29.64105077395263,29.71066666666667,29.487
906,30,30.206,6.7366,30.57733333333333,29.927891808921352,29.72473622934763,30.57733333333333,30.206
907,30,32.039,3.571,31.02866666666667,30.128710810873223,29.82718480067468,31.02866666666667,30.841
908,30,30.841,7.8919,30.888666666666666,30.196467264410767,29.914492141924622,30.888666666666666,30.841
909,30,29.786,9.1681,30.294666666666668,30.157421597911423,29.94860192635771,30.294666666666668,30.257
910,30,30.257,7.2164,30.136,30.16689398564025,29.9081315842025,30.136,30.257
911,30,30.365,6.8358,30.747,30.185738804798504,29.79755888759395,30.747,30.365
912,30,31.619,4.7649,30.71033333333333,30.322077664158265,29.64350275335114,30.71033333333333,30.365
913,30,30.147,9.0867,30.226777846980447,30.30542341501608,29.48170989818638,30.226777846980447,30.147
914,30,28.917,10.238,29.493333333333336,30.17334974599788,29.340625842670065,29.493333333333336,29.416
915,30,29.416,7.2368,29.43766666666667,30.101306910503936,29.22988581467444,29.43766666666667,29.416
916,30,29.98,6.5551,30.02333333333333,30.089767600107525,29.14181193006547,30.02333333333333,29.98
917,30,30.674,5.9433,30.566666666666663,30.145342661561106,29.06643328359208,30.566666666666663,30.674
918,30,31.046,5.9912,30.127666666666663,30.231017620604067,29.00885979756749,30.127666666666663,30.674
919,30,28.663,11.33,29.092400818609352,30.0818600667926,28.99322254681906,29.092400818609352,28.663
920,30,28.057,10.025,28.917666666666666,29.889245410933707,29.04711860750325,28.917666666666666,28.663
921,30,30.033,5.183,29.82900906786876,29.90292005500183,29.17767804171468,29.82900906786876,30.033
922,30,31.17,4.9091,30.525666666666663,30.023450935902705,29.35876918515116,30.525666666666663,30.374
923,30,30.374,7.8646,30.651,30.05679688827249,29.53986030154019,30.651,30.409
924,30,30.409,7.2352,30.62833333333333,30.09030018179405,29.66959753295843,30.62833333333333,30.409
925,30,31.102,5.6336,30.24679590558229,30.186538048060484,29.71760161672121,30.24679590558229,30.409
926,30,27.977,12.699,29.06109649929487,29.97635591364345,29.68280912793299,29.06109649929487,31.102
927,30,31.469,3.1642,30.429644142007703,30.11834356589084,29.58857936712032,30.429644142007703,29.709
928,30,29.709,9.4616,30.899,30.079404791125526,29.47234063236123,30.899,31.469
929,30,31.519,4.1151,30.32,30.2163461730417,29.37574952513945,30.32,29.732
930,30,29.732,9.1959,30.113,30.170272781123423,29.33505377989864,30.113,29.732
931,30,29.088,9.3994,29.74466666666667,30.067321667266096,29.369449144513748,29.74466666666667,29.732
932,30,30.414,5.6576,29.747333333333334,30.100299416616966,29.47024958174763,29.747333333333334,29.74
933,30,29.74,7.94,30.463666666666665,30.06602596272453,29.598909821745,30.463666666666665,30.414
934,30,31.237,5.0949,30.457,30.1774147766522,29.69964046539022,30.457,30.394
935,30,30.394,7.4158,30.647666666666662,30.19801742912356,29.72300614352509,30.647666666666662,30.394
936,30,30.312,7.6698,30.244,30.2088600122844,29.648478211920025,30.244,30.312
937,30,30.026,7.5922,30.12633333333333,30.191465467883955,29.493560814189188,30.12633333333333,30.041
938,30,30.041,7.5577,29.859333333333336,30.177152451991937,29.304889075391205,29.859333333333336,30.026
939,30,29.511,8.6966,29.79233333333333,30.11378475197441,29.13672230273057,29.79233333333333,29.825
940,30,29.825,7.1541,29.82733333333333,30.086314124976,29.0282008869655,29.82733333333333,29.825
941,30,30.146,6.6828,29.616,30.091991739180514,28.99001325927006,29.616,29.825
942,30,28.877,9.5541,29.811,29.97641574479373,29.005297742417408,29.811,30.146
943,30,30.41,5.2893,29.517666666666667,30.017660413238733,29.042472986226795,29.517666666666667,29.266
944,30,29.266,9.0507,30.114666666666665,29.94615877507957,29.0726722256022,30.114666666666665,30.41
945,30,30.668,5.3131,29.544,30.014823865276668,29.08311679629628,29.544,29.266
946,30,28.698,10.53,30.12333333333333,29.88956109784069,29.08028632452669,30.12333333333333,30.668
947,30,31.004,4.3284,29.51265915094254,29.99557201145172,29.082309905883086,29.51265915094254,28.698
948,30,28.484,11.259,29.6,29.851783841806554,29.106115597894167,29.6,29.312
949,30,29.312,7.4403,29.593333333333334,29.800436945972688,29.157909816847457,29.593333333333334,29.312
950,30,30.984,4.5949,30.424000000000003,29.91302328913657,29.23296994753129,30.424000000000003,30.976
951,30,30.976,6.0042,30.448,30.014138865816047,29.32327638071166,30.448,30.976
952,30,29.384,10.06,29.989666666666665,29.95419695537345,29.42456426004613,29.989666666666665,29.609
953,30,29.609,7.7655,29.70733333333333,29.92136012192841,29.53499876577076,29.70733333333333,29.609
954,30,30.129,6.9496,30.06,29.941111849128347,29.64646278412104,30.06,30.129
955,30,30.442,6.2793,30.67833333333333,29.988758795396965,29.737614901761543,30.67833333333333,30.442
956,30,31.464,5.2645,30.83566666666667,30.12909099987545,29.77680443667004,30.83566666666667,30.601
957,30,30.601,7.9004,30.32933333333333,30.173981306690425,29.73424177576064,30.32933333333333,30.601
958,30,28.923,10.437,30.070666666666668,30.05498180750244,29.59570923343018,30.070666666666668,30.601
959,30,30.688,4.8978,29.92866666666667,30.11519761367094,29.370512703723147,29.92866666666667,30.175
960,30,30.175,7.7589,29.863333333333333,30.120886311004263,29.091564980848688,29.863333333333333,30.175
961,30,28.727,10.345,29.33933333333333,29.988292984431443,28.80924605146146,29.33933333333333,29.116
962,30,29.116,7.9939,29.51033333333333,29.90531618235024,28.58115333619927,29.51033333333333,29.116
963,30,30.688,4.5285,29.344000000000005,29.979768919433315,28.4593675286175,29.344000000000005,29.116
964,30,28.228,11.098,28.99211532398612,29.813132037658363,28.477045127317307,28.99211532398612,28.275
965,30,28.275,9.2494,28.941739724195006,29.6668173475927,28.63726280967571,28.941739724195006,28.275
966,30,30.893,3.7642,29.608,29.783457876726985,28.90859014701082,29.608,29.656
967,30,29.656,8.268,30.109333333333336,29.77133345614855,29.231319866580325,30.109333333333336,29.779
968,30,29.779,7.6754,30.126,29.772062735534217,29.53381919251072,30.126,29.779
969,30,30.943,5.6165,30.454,29.88344805145122,29.753085256734987,30.454,30.64
970,30,30.64,7.3208,30.32333333333333,29.95541499652507,29.851697173986373,30.32333333333333,30.64
971,30,29.387,9.4776,30.49233333333333,29.90134456433262,29.825477434981305,30.49233333333333,30.64
972,30,31.45,4.4934,30.633,30.048660291812777,29.7000966982402,30.633,31.062
973,30,31.062,6.9358,30.49766504852738,30.145054152485727,29.51860227184499,30.49766504852738,31.062
974,30,28.883,10.964,29.535,30.025001349705448,29.32463212932503,29.535,28.883
975,30,28.66,9.4476,29.386,29.89515570282236,29.148232440794143,29.386,28.883
976,30,30.615,4.5562,29.789,29.96363083542373,29.00159072120669,29.789,30.092
977,30,30.092,7.2121,30.10433333333333,29.97584194218772,28.88712372272061,30.10433333333333,30.092
978,30,29.606,8.3807,29.959333333333333,29.94066075629496,28.81081764525673,29.959333333333333,30.092
979,30,30.18,6.8671,29.253,29.96342788317736,28.788028235970724,29.253,29.606
980,30,27.973,11.38,29.024,29.774088586098213,28.834634254797635,29.024,28.919
981,30,28.919,7.5451,29.20526311527965,29.69274835106604,28.94980075502145,29.20526311527965,28.919
982,30,31.015,4.1039,29.961,29.8185274359989,29.10547442076203,29.961,29.949
983,30,29.949,8.5728,30.456666666666667,29.830938628469056,29.25346811164419,30.456666666666667,30.406
984,30,30.406,6.6763,30.151,29.88564129656534,29.347160535858382,30.151,30.098
985,30,30.098,7.7279,29.723,29.905841901659745,29.363870603746324,29.723,30.098
986,30,28.665,10.561,29.83233333333333,29.78780691258415,29.314616524000336,29.83233333333333,30.098
987,30,30.734,4.7679,29.813666666666663,29.877813456195504,29.237536639159032,29.813666666666663,30.042
988,30,30.042,8.3124,30.409,29.893431688363844,29.180514480350176,30.409,30.451
989,30,30.451,6.8677,29.824,29.94647033050257,29.18170618123399,29.824,30.042
990,30,28.979,9.7493,29.470333333333333,29.854439790802804,29.255214746555147,29.470333333333333,28.981
991,30,28.981,8.7785,29.738,29.771353898855008,29.38702651150077,29.738,28.981
992,30,31.254,3.6269,30.64669256848206,29.912390493539263,29.54343167340925,30.64669256848206,31.254
993,30,31.544,5.3378,31.22666666666667,30.06759722053093,29.687944330725387,31.22666666666667,31.254
994,30,30.882,7.9498,30.47341466581175,30.14506722138212,29.795835435791066,30.47341466581175,30.882
995,30,28.576,11.583,30.049333333333333,29.995809824378533,29.856049181362128,30.049333333333333,30.69
996,30,30.69,5.0469,29.786666666666672,30.061844610668604,29.861401046709982,29.786666666666672,30.094
997,30,30.094,7.7463,30.488333333333333,30.06490338956975,29.799706564557333,30.488333333333333,30.681
998,30,30.681,6.5498,30.89933333333333,30.12350953156445,29.657869848827872,30.89933333333333,30.681
999,30,31.923,4.5566,30.819666666666667,30.294685921964646,29.4374598404167,30.819666666666667,30.681
1000,30,29.855,9.6015,29.80246665553528,30.252860832945352,29.16716258403151,29.80246665553528,29.855
